family_id,kind,labels_consistent,normalization,rate
neg_facts:pair:0,negation_pair,True,L,0.04662579945733769
neg_facts:pair:1,negation_pair,True,L,0.4712494202676381
neg_facts:pair:2,negation_pair,True,L,0.36301290823899707
neg_facts:pair:3,negation_pair,True,L,0.16806616837558913
neg_facts:pair:4,negation_pair,True,L,0.23934870762659555
neg_facts:pair:5,negation_pair,True,L,0.09070397285415988
neg_facts:pair:6,negation_pair,True,L,0.05450507405348315
neg_facts:pair:7,negation_pair,True,L,0.04734446648374846
neg_facts:pair:8,negation_pair,True,L,0.20232007129948915
neg_facts:pair:9,negation_pair,True,L,0.13880044413247838
neg_facts:pair:10,negation_pair,True,L,0.42369852617748655
neg_facts:pair:11,negation_pair,True,L,0.1589069631339402
neg_facts:pair:12,negation_pair,True,L,0.00046866712843135483
neg_facts:pair:13,negation_pair,True,L,0.48902263728272055
neg_facts:pair:14,negation_pair,True,L,0.1680006303742555
neg_facts:pair:15,negation_pair,True,L,0.03868407727502193
neg_facts:pair:16,negation_pair,True,L,0.07170757739175354
neg_facts:pair:17,negation_pair,True,L,0.08220190098265923
neg_facts:pair:18,negation_pair,True,L,0.18766159659039466
neg_facts:pair:19,negation_pair,True,L,0.14591935633265996
neg_facts:pair:20,negation_pair,True,L,0.05330038909714846
neg_facts:pair:21,negation_pair,True,L,0.03389437214658497
neg_facts:pair:22,negation_pair,True,L,0.14094667626647678
neg_facts:pair:23,negation_pair,True,L,0.07482763089028893
neg_facts:pair:24,negation_pair,True,L,0.041670254382108696
neg_facts:pair:25,negation_pair,True,L,0.01323387524081776
neg_facts:pair:26,negation_pair,True,L,0.03247386719205092
neg_facts:pair:27,negation_pair,True,L,0.2568017362797503
neg_facts:pair:28,negation_pair,True,L,0.12333181846829061
neg_facts:pair:29,negation_pair,True,L,0.3586682449709215
neg_facts:pair:30,negation_pair,True,L,0.19846755783460823
neg_facts:pair:31,negation_pair,True,L,0.16445728419701372
neg_facts:pair:32,negation_pair,True,L,0.014654494612359015
neg_facts:pair:33,negation_pair,True,L,0.07081427723735556
neg_facts:pair:34,negation_pair,True,L,0.26469727609247096
neg_facts:pair:35,negation_pair,True,L,0.2781313523037883
neg_facts:pair:36,negation_pair,True,L,0.1974838242032606
neg_facts:pair:37,negation_pair,True,L,0.037437780731638726
neg_facts:pair:38,negation_pair,True,L,0.30765497862535096
neg_facts:pair:39,negation_pair,True,L,0.2044944071234307
neg_facts:pair:40,negation_pair,True,L,0.1275757703979552
neg_facts:pair:41,negation_pair,True,L,0.15754893045528895
neg_facts:pair:42,negation_pair,True,L,0.07456971057220008
neg_facts:pair:43,negation_pair,True,L,0.32160128230156404
neg_facts:pair:44,negation_pair,True,L,0.0780261248213927
neg_facts:pair:45,negation_pair,True,L,0.44767505927460316
neg_facts:pair:46,negation_pair,True,L,0.06082680239452748
neg_facts:pair:47,negation_pair,True,L,0.4692026098386539
neg_facts:pair:48,negation_pair,True,L,0.06069641302772644
neg_facts:pair:49,negation_pair,True,L,0.35615469163179553
neg_facts:pair:50,negation_pair,True,L,0.143819578276432
neg_facts:pair:51,negation_pair,True,L,0.3627053692508887
neg_facts:pair:52,negation_pair,True,L,0.09746766004276025
neg_facts:pair:53,negation_pair,True,L,0.18688507247784325
neg_facts:pair:54,negation_pair,True,L,0.1137415465775023
neg_facts:pair:55,negation_pair,True,L,0.17863069396874115
neg_facts:pair:56,negation_pair,True,L,0.13239424882484385
neg_facts:pair:57,negation_pair,True,L,0.13535486280925307
neg_facts:pair:58,negation_pair,True,L,0.0024066412394595504
neg_facts:pair:59,negation_pair,True,L,0.04599635581025768
neg_facts:pair:60,negation_pair,True,L,0.11269564462402076
neg_facts:pair:61,negation_pair,True,L,0.2641469615062636
neg_facts:pair:62,negation_pair,True,L,0.2497298463673614
neg_facts:pair:63,negation_pair,True,L,0.05699387453825211
neg_facts:pair:64,negation_pair,True,L,0.29355726857856945
neg_facts:pair:65,negation_pair,True,L,0.07010678349300031
neg_facts:pair:66,negation_pair,True,L,0.18509336395948178
neg_facts:pair:67,negation_pair,True,L,0.1493412214439484
neg_facts:pair:68,negation_pair,True,L,0.22231371669533195
neg_facts:pair:69,negation_pair,True,L,0.16424102689456155
neg_facts:pair:70,negation_pair,True,L,0.07326785606722774
neg_facts:pair:71,negation_pair,True,L,0.0031176267692041293
neg_facts:pair:72,negation_pair,True,L,0.1582346492052118
neg_facts:pair:73,negation_pair,True,L,0.06711341562514694
neg_facts:pair:74,negation_pair,True,L,0.12259401132466369
neg_facts:pair:75,negation_pair,True,L,0.3124996407172187
neg_facts:pair:76,negation_pair,True,L,0.13437769324886084
neg_facts:pair:77,negation_pair,True,L,0.011749415370328253
neg_facts:pair:78,negation_pair,True,L,0.03530926460166928
neg_facts:pair:79,negation_pair,True,L,0.03787877649944371
neg_facts:pair:80,negation_pair,True,L,0.09472771525526696
neg_facts:pair:81,negation_pair,True,L,0.2326559343847544
neg_facts:pair:82,negation_pair,True,L,0.04227427541054468
neg_facts:pair:83,negation_pair,True,L,0.06647849484505897
neg_facts:pair:84,negation_pair,True,L,0.19600683914066758
neg_facts:pair:85,negation_pair,True,L,0.16960653956162153
neg_facts:pair:86,negation_pair,True,L,0.2506720378528687
neg_facts:pair:87,negation_pair,True,L,0.34621675970766186
neg_facts:pair:88,negation_pair,True,L,0.3131515186746516
neg_facts:pair:89,negation_pair,True,L,0.3369815402580864
neg_facts:pair:90,negation_pair,True,L,0.053924074934892596
neg_facts:pair:91,negation_pair,True,L,0.09434579689201622
neg_facts:pair:92,negation_pair,True,L,0.05916426728148755
neg_facts:pair:93,negation_pair,True,L,0.15290651966046537
neg_facts:pair:94,negation_pair,True,L,0.06986834123824781
neg_facts:pair:95,negation_pair,True,L,0.13992398924566563
neg_facts:pair:96,negation_pair,True,L,0.19381481617940405
neg_facts:pair:97,negation_pair,True,L,0.27666914679124033
neg_facts:pair:98,negation_pair,True,L,0.11047095805515061
neg_facts:pair:99,negation_pair,True,L,0.2840678710805481
neg_facts:pair:100,negation_pair,True,L,0.24640532399477505
neg_facts:pair:101,negation_pair,True,L,0.06618298381316284
neg_facts:pair:102,negation_pair,True,L,0.0899635344487425
neg_facts:pair:103,negation_pair,True,L,0.017344179327128895
neg_facts:pair:104,negation_pair,True,L,0.12203515147063337
neg_facts:pair:105,negation_pair,True,L,0.21735326387041098
neg_facts:pair:106,negation_pair,True,L,0.10561181888462595
neg_facts:pair:107,negation_pair,True,L,0.2585702024412728
neg_facts:pair:108,negation_pair,True,L,0.1729114839353718
neg_facts:pair:109,negation_pair,True,L,0.339269525689879
neg_facts:pair:110,negation_pair,True,L,0.0213634845803361
neg_facts:pair:111,negation_pair,True,L,0.42805542055007495
neg_facts:pair:112,negation_pair,True,L,0.2514621368473813
neg_facts:pair:113,negation_pair,True,L,0.16994244500233335
neg_facts:pair:114,negation_pair,True,L,0.004124587213464148
neg_facts:pair:115,negation_pair,True,L,0.08561759606663483
neg_facts:pair:116,negation_pair,True,L,0.14856779650219876
neg_facts:pair:117,negation_pair,True,L,0.16424801057655836
neg_facts:pair:118,negation_pair,True,L,0.0026858495547183447
neg_facts:pair:120,negation_pair,True,L,0.2387706847485398
neg_facts:pair:121,negation_pair,True,L,0.07298123239999299
neg_facts:pair:122,negation_pair,True,L,0.1410887665919388
neg_facts:pair:123,negation_pair,True,L,0.2081914847103759
neg_facts:pair:125,negation_pair,True,L,0.2844059133493846
neg_facts:pair:127,negation_pair,True,L,0.04987068981515402
neg_facts:pair:128,negation_pair,True,L,0.14631980196652838
neg_facts:pair:129,negation_pair,True,L,0.38760863664318124
neg_facts:pair:130,negation_pair,True,L,0.045918232397815506
neg_facts:pair:131,negation_pair,True,L,0.017828110956654875
neg_facts:pair:132,negation_pair,True,L,0.248786690309506
neg_facts:pair:133,negation_pair,True,L,0.06074155222797328
neg_facts:pair:134,negation_pair,True,L,0.010983812310859875
neg_facts:pair:135,negation_pair,True,L,0.11012196865552554
neg_facts:pair:136,negation_pair,True,L,0.17298817541463912
neg_facts:pair:137,negation_pair,True,L,0.2963757546268855
neg_facts:pair:138,negation_pair,True,L,0.298128319290828
neg_facts:pair:139,negation_pair,True,L,0.07864127580650232
neg_facts:pair:140,negation_pair,True,L,0.40146570563321626
neg_facts:pair:141,negation_pair,True,L,0.1339485239063698
neg_facts:pair:142,negation_pair,True,L,0.47683655668100583
neg_facts:pair:143,negation_pair,True,L,0.12856175889224208
neg_facts:pair:144,negation_pair,True,L,0.19499236982095797
neg_facts:pair:145,negation_pair,True,L,0.28267740357947885
neg_facts:pair:146,negation_pair,True,L,0.0307882629790156
neg_facts:pair:147,negation_pair,True,L,0.16773503035359733
neg_facts:pair:148,negation_pair,True,L,0.26743928014876495
neg_facts:pair:149,negation_pair,True,L,0.047646714320040306
neg_facts:pair:150,negation_pair,True,L,0.005018898280615858
neg_facts:pair:151,negation_pair,True,L,0.02822978506645807
neg_facts:pair:152,negation_pair,True,L,0.25391590323390234
neg_facts:pair:153,negation_pair,True,L,0.2400606395936179
neg_facts:pair:154,negation_pair,True,L,0.12414747748882066
neg_facts:pair:155,negation_pair,True,L,0.1974915382168787
neg_facts:pair:156,negation_pair,True,L,0.17270228441926827
neg_facts:pair:157,negation_pair,True,L,0.17378255222018996
neg_facts:pair:158,negation_pair,True,L,0.21865188026271154
neg_facts:pair:159,negation_pair,True,L,0.09613946086199143
neg_facts:pair:160,negation_pair,True,L,0.14213070932455707
neg_facts:pair:161,negation_pair,True,L,0.003102956400239887
neg_facts:pair:162,negation_pair,True,L,0.026783779493606386
neg_facts:pair:163,negation_pair,True,L,0.024455881733422224
neg_facts:pair:164,negation_pair,True,L,0.007581899345256438
neg_facts:pair:165,negation_pair,True,L,0.012068370052747635
neg_facts:pair:166,negation_pair,True,L,0.07489580002382001
neg_facts:pair:167,negation_pair,True,L,0.15364110832156402
neg_facts:pair:168,negation_pair,True,L,0.07148805295433697
neg_facts:pair:169,negation_pair,True,L,0.23190657074545784
neg_facts:pair:170,negation_pair,True,L,0.02339341238525905
neg_facts:pair:171,negation_pair,True,L,0.17304151915333327
neg_facts:pair:172,negation_pair,True,L,0.10989951069366666
neg_facts:pair:173,negation_pair,True,L,0.13742992147423339
neg_facts:pair:174,negation_pair,True,L,0.1813978520650415
neg_facts:pair:175,negation_pair,True,L,0.15747244155013063
neg_facts:pair:176,negation_pair,True,L,0.08960799142554626
neg_facts:pair:177,negation_pair,True,L,0.19310499730517128
neg_facts:pair:179,negation_pair,True,L,0.03787662994885915
neg_facts:pair:180,negation_pair,True,L,0.14308784937649366
neg_facts:pair:181,negation_pair,True,L,0.2754304692989713
neg_facts:pair:182,negation_pair,True,L,0.30851297017416546
neg_facts:pair:183,negation_pair,True,L,0.20965681905129208
neg_facts:pair:184,negation_pair,True,L,0.20338734147794646
neg_facts:pair:185,negation_pair,True,L,0.13363077843316862
neg_facts:pair:186,negation_pair,True,L,0.4547251152273519
neg_facts:pair:187,negation_pair,True,L,0.11445977298791521
neg_facts:pair:188,negation_pair,True,L,0.041505103406483834
neg_facts:pair:189,negation_pair,True,L,0.0766257073009658
neg_facts:pair:190,negation_pair,True,L,0.009466399855266983
neg_facts:pair:191,negation_pair,True,L,0.18473122356609012
neg_facts:pair:192,negation_pair,True,L,0.2822240042035501
neg_facts:pair:193,negation_pair,True,L,0.02672289096776359
neg_facts:pair:194,negation_pair,True,L,0.3826774916132308
neg_facts:pair:195,negation_pair,True,L,0.05379718652897236
neg_facts:pair:196,negation_pair,True,L,0.33709474576360765
neg_facts:pair:197,negation_pair,True,L,0.07096136153881427
neg_facts:pair:198,negation_pair,True,L,0.25234406661006586
neg_facts:pair:199,negation_pair,True,L,0.29727016113059734
neg_facts:pair:200,negation_pair,True,L,0.3021227927237414
neg_facts:pair:201,negation_pair,True,L,0.0009349103387910063
neg_facts:pair:202,negation_pair,True,L,0.08254720090210615
neg_facts:pair:203,negation_pair,True,L,0.08869593627627659
neg_facts:pair:204,negation_pair,True,L,0.07003660130573697
neg_facts:pair:205,negation_pair,True,L,0.4501619533251287
neg_facts:pair:206,negation_pair,True,L,0.15683276095260018
neg_facts:pair:207,negation_pair,True,L,0.047694696953085425
neg_facts:pair:208,negation_pair,True,L,0.1202540040905784
neg_facts:pair:209,negation_pair,True,L,0.3374612848725995
neg_facts:pair:210,negation_pair,True,L,0.277532312133763
neg_facts:pair:211,negation_pair,True,L,0.4101908691367126
neg_facts:pair:212,negation_pair,True,L,0.3333690565067142
neg_facts:pair:213,negation_pair,True,L,0.00607196818090594
neg_facts:pair:214,negation_pair,True,L,0.12260858213032172
neg_facts:pair:215,negation_pair,True,L,0.026188687251714082
neg_facts:pair:216,negation_pair,True,L,0.056548439282852525
neg_facts:pair:217,negation_pair,True,L,0.21619470107147026
neg_facts:pair:218,negation_pair,True,L,0.13261557613405378
neg_facts:pair:219,negation_pair,True,L,0.01407865906657324
neg_facts:pair:220,negation_pair,True,L,0.13973206445355857
neg_facts:pair:221,negation_pair,True,L,0.1264556670316816
neg_facts:pair:222,negation_pair,True,L,0.12518166271109654
neg_facts:pair:223,negation_pair,True,L,0.037773111955737515
neg_facts:pair:224,negation_pair,True,L,0.05440306710547299
neg_facts:pair:225,negation_pair,True,L,0.32149409845025406
neg_facts:pair:226,negation_pair,True,L,0.18619573737739692
neg_facts:pair:227,negation_pair,True,L,0.018767348298259157
neg_facts:pair:228,negation_pair,True,L,0.2927950592658854
neg_facts:pair:229,negation_pair,True,L,0.27786577355998
neg_facts:pair:230,negation_pair,True,L,0.023310147395954606
neg_facts:pair:231,negation_pair,True,L,0.06956728244652105
neg_facts:pair:232,negation_pair,True,L,0.1621201477149916
neg_facts:pair:233,negation_pair,True,L,0.02085777269750716
neg_facts:pair:234,negation_pair,True,L,0.028502954055618146
neg_facts:pair:235,negation_pair,True,L,0.0827461577805289
neg_facts:pair:236,negation_pair,True,L,0.19776883118769417
neg_facts:pair:237,negation_pair,True,L,0.34538461430562134
neg_facts:pair:238,negation_pair,True,L,0.1607415203620975
neg_facts:pair:239,negation_pair,True,L,0.3539000620275451
neg_facts:pair:240,negation_pair,True,L,0.12856892803572034
neg_facts:pair:241,negation_pair,True,L,0.07965584073723109
neg_facts:pair:242,negation_pair,True,L,0.1097810785880789
neg_facts:pair:243,negation_pair,True,L,0.2144013751973789
neg_facts:pair:244,negation_pair,True,L,0.031060465527693537
neg_facts:pair:245,negation_pair,True,L,0.05841537035741318
neg_facts:pair:246,negation_pair,True,L,0.1565942105928207
neg_facts:pair:247,negation_pair,True,L,0.027213068486545866
neg_facts:pair:248,negation_pair,True,L,0.10790278257662239
neg_facts:pair:249,negation_pair,True,L,0.17823756497754417
neg_facts:pair:250,negation_pair,True,L,0.07904530901056867
neg_facts:pair:251,negation_pair,True,L,0.0031817760901681758
neg_facts:pair:252,negation_pair,True,L,0.27577177120633717
neg_facts:pair:253,negation_pair,True,L,0.1355196168169711
neg_facts:pair:254,negation_pair,True,L,0.02172402749553559
neg_facts:pair:255,negation_pair,True,L,0.1017850856919118
neg_facts:pair:256,negation_pair,True,L,0.252445085447004
neg_facts:pair:257,negation_pair,True,L,0.0771717559737729
neg_facts:pair:258,negation_pair,True,L,0.42918166052391
neg_facts:pair:259,negation_pair,True,L,0.059515012321697425
neg_facts:pair:260,negation_pair,True,L,0.242533407534626
neg_facts:pair:261,negation_pair,True,L,0.09142185731255364
neg_facts:pair:262,negation_pair,True,L,0.10662783913741519
neg_facts:pair:263,negation_pair,True,L,0.15785289995319285
neg_facts:pair:264,negation_pair,True,L,0.06483119209388477
neg_facts:pair:266,negation_pair,True,L,0.42163002855962045
neg_facts:pair:267,negation_pair,True,L,0.09804419810457554
neg_facts:pair:268,negation_pair,True,L,0.03084817522486799
neg_facts:pair:269,negation_pair,True,L,0.10087778620268328
neg_facts:pair:270,negation_pair,True,L,0.3877665023509037
neg_facts:pair:271,negation_pair,True,L,0.04509017370526858
neg_facts:pair:272,negation_pair,True,L,0.324200564022093
neg_facts:pair:273,negation_pair,True,L,0.02779295801641679
neg_facts:pair:274,negation_pair,True,L,0.012722940639591951
neg_facts:pair:275,negation_pair,True,L,0.09221807008873523
neg_facts:pair:276,negation_pair,True,L,0.05121939963452443
neg_facts:pair:277,negation_pair,True,L,0.06507468580175996
neg_facts:pair:278,negation_pair,True,L,0.00578852863077961
neg_facts:pair:279,negation_pair,True,L,0.23406905386578752
neg_facts:pair:280,negation_pair,True,L,0.07276439648870431
neg_facts:pair:281,negation_pair,True,L,0.23106010490727613
neg_facts:pair:282,negation_pair,True,L,0.04227383170695309
neg_facts:pair:283,negation_pair,True,L,0.06646195814757783
neg_facts:pair:284,negation_pair,True,L,0.12077188656343985
neg_facts:pair:285,negation_pair,True,L,0.2619377867553732
neg_facts:pair:286,negation_pair,True,L,0.34009800132756257
neg_facts:pair:287,negation_pair,True,L,0.4008293788732384
neg_facts:pair:288,negation_pair,True,L,0.1500189122219936
neg_facts:pair:289,negation_pair,True,L,0.08511076967981501
neg_facts:pair:290,negation_pair,True,L,0.07609452843828673
neg_facts:pair:291,negation_pair,True,L,0.2137827399029425
neg_facts:pair:292,negation_pair,True,L,0.24769022906841104
neg_facts:pair:293,negation_pair,True,L,0.1720232135192088
neg_facts:pair:294,negation_pair,True,L,0.0014803031525528754
neg_facts:pair:295,negation_pair,True,L,0.16220920083809515
neg_facts:pair:296,negation_pair,True,L,0.16666922687064845
neg_facts:pair:297,negation_pair,True,L,0.26574598302071256
neg_facts:pair:298,negation_pair,True,L,0.14044634491304475
neg_facts:pair:299,negation_pair,True,L,0.29660299149870156
neg_facts:pair:300,negation_pair,True,L,0.20008816914972255
neg_facts:pair:301,negation_pair,True,L,0.1775744302123365
neg_facts:pair:302,negation_pair,True,L,0.12012264112488369
neg_facts:pair:303,negation_pair,True,L,0.012940769049781697
neg_facts:pair:304,negation_pair,True,L,0.07778666618664348
neg_facts:pair:305,negation_pair,True,L,0.1363286925494399
neg_facts:pair:306,negation_pair,True,L,0.16675295658512834
neg_facts:pair:307,negation_pair,True,L,0.13683960666590483
neg_facts:pair:308,negation_pair,True,L,0.10775866227071712
neg_facts:pair:309,negation_pair,True,L,0.4052792986322973
neg_facts:pair:310,negation_pair,True,L,0.10037610719799855
neg_facts:pair:311,negation_pair,True,L,0.22703861677279752
neg_facts:pair:312,negation_pair,True,L,0.0005403375778881836
neg_facts:pair:313,negation_pair,True,L,0.03028921066750695
neg_facts:pair:314,negation_pair,True,L,0.053637441620295045
neg_facts:pair:316,negation_pair,True,L,0.04904941152840869
neg_facts:pair:317,negation_pair,True,L,0.09977448792665489
neg_facts:pair:318,negation_pair,True,L,0.043050798432979875
neg_facts:pair:319,negation_pair,True,L,0.02246941165598504
neg_facts:pair:320,negation_pair,True,L,0.33332915124903717
neg_facts:pair:321,negation_pair,True,L,0.10587874493560018
neg_facts:pair:322,negation_pair,True,L,0.39497161470848363
neg_facts:pair:323,negation_pair,True,L,0.013008472741490362
neg_facts:pair:324,negation_pair,True,L,0.004728280802156093
neg_facts:pair:325,negation_pair,True,L,0.010499775434102632
neg_facts:pair:326,negation_pair,True,L,0.31777618577177563
neg_facts:pair:327,negation_pair,True,L,0.12870389202053406
neg_facts:pair:328,negation_pair,True,L,0.23924092041593248
neg_facts:pair:329,negation_pair,True,L,0.011526040056248466
neg_facts:pair:330,negation_pair,True,L,0.1535360402614253
neg_facts:pair:331,negation_pair,True,L,0.016666884820217442
neg_facts:pair:332,negation_pair,True,L,0.0021716552527427657
neg_facts:pair:333,negation_pair,True,L,0.37026610438653085
neg_facts:pair:334,negation_pair,True,L,0.45754529740886
neg_facts:pair:335,negation_pair,True,L,0.15325112970945026
neg_facts:pair:337,negation_pair,True,L,0.020929001900994948
neg_facts:pair:338,negation_pair,True,L,0.12836510940801504
neg_facts:pair:339,negation_pair,True,L,0.2520230832781034
neg_facts:pair:340,negation_pair,True,L,0.18776304630847174
neg_facts:pair:341,negation_pair,True,L,0.1428587056367726
neg_facts:pair:342,negation_pair,True,L,0.21056098194816864
neg_facts:pair:343,negation_pair,True,L,0.009666458152063517
neg_facts:pair:344,negation_pair,True,L,0.4530369176147556
neg_facts:pair:345,negation_pair,True,L,0.05691133531192527
neg_facts:pair:346,negation_pair,True,L,0.18589315844923654
neg_facts:pair:347,negation_pair,True,L,0.21125429431620474
neg_facts:pair:348,negation_pair,True,L,0.10065319022007263
neg_facts:pair:349,negation_pair,True,L,0.3816723682405054
neg_facts:pair:350,negation_pair,True,L,0.2987899180091727
neg_facts:pair:351,negation_pair,True,L,0.20022554288410827
neg_facts:pair:352,negation_pair,True,L,0.3104440106784374
neg_facts:pair:353,negation_pair,True,L,0.15269063131327437
neg_facts:pair:354,negation_pair,True,L,0.03779781210570354
neg_facts:pair:355,negation_pair,True,L,0.09568940843889479
neg_facts:pair:356,negation_pair,True,L,0.2057455413394853
neg_facts:pair:357,negation_pair,True,L,0.0741310098677172
neg_facts:pair:358,negation_pair,True,L,0.05834985393904013
neg_facts:pair:359,negation_pair,True,L,0.1510824458222932
neg_facts:pair:360,negation_pair,True,L,0.06457826355408819
neg_facts:pair:361,negation_pair,True,L,0.07946616382597327
neg_facts:pair:362,negation_pair,True,L,0.16255498349256076
neg_facts:pair:363,negation_pair,True,L,0.17689392269392673
neg_facts:pair:364,negation_pair,True,L,0.33647124657744376
neg_facts:pair:365,negation_pair,True,L,0.42723289664633485
neg_facts:pair:366,negation_pair,True,L,0.03769314854321726
neg_facts:pair:367,negation_pair,True,L,0.12966482573429972
neg_facts:pair:368,negation_pair,True,L,0.17182049650588083
neg_facts:pair:369,negation_pair,True,L,0.032000080157992494
neg_facts:pair:370,negation_pair,True,L,0.006348834645082346
neg_facts:pair:371,negation_pair,True,L,0.04407606661918917
neg_facts:pair:372,negation_pair,True,L,0.12750380907813857
neg_facts:pair:373,negation_pair,True,L,0.14845646286378983
neg_facts:pair:374,negation_pair,True,L,0.1989405949837474
neg_facts:pair:375,negation_pair,True,L,0.20155472647660383
neg_facts:pair:376,negation_pair,True,L,0.01762514408589061
neg_facts:pair:377,negation_pair,True,L,0.08126313340589264
neg_facts:pair:378,negation_pair,True,L,0.07715383097783174
neg_facts:pair:379,negation_pair,True,L,0.010720139618991043
neg_facts:pair:380,negation_pair,True,L,0.0294523009813083
neg_facts:pair:382,negation_pair,True,L,0.05304981593738367
neg_facts:pair:383,negation_pair,True,L,0.009950545385744247
neg_facts:pair:384,negation_pair,True,L,0.3016596781445814
neg_facts:pair:385,negation_pair,True,L,0.0578809084441278
neg_facts:pair:386,negation_pair,True,L,0.10214635879970418
neg_facts:pair:387,negation_pair,True,L,0.28972297925355445
neg_facts:pair:388,negation_pair,True,L,0.2613638428881827
neg_facts:pair:389,negation_pair,True,L,0.4554373537858931
neg_facts:pair:390,negation_pair,True,L,0.05212772890785122
neg_facts:pair:391,negation_pair,True,L,0.0011195648350206255
neg_facts:pair:392,negation_pair,True,L,0.014242324987234822
neg_facts:pair:393,negation_pair,True,L,0.05437894908065072
neg_facts:pair:394,negation_pair,True,L,0.04599574008942375
neg_facts:pair:395,negation_pair,True,L,0.10030423904400837
neg_facts:pair:396,negation_pair,True,L,0.18791570248355627
neg_facts:pair:397,negation_pair,True,L,0.36352218379515205
neg_facts:pair:398,negation_pair,True,L,0.31720627481978414
neg_facts:pair:399,negation_pair,True,L,0.08470823956796986
neg_facts:pair:401,negation_pair,True,L,0.17685956192484453
neg_facts:pair:402,negation_pair,True,L,0.14627902243823998
neg_facts:pair:403,negation_pair,True,L,0.13517993564647718
neg_facts:pair:404,negation_pair,True,L,0.17055112995952204
neg_facts:pair:405,negation_pair,True,L,0.12924009238564577
neg_facts:pair:406,negation_pair,True,L,0.04442297245524762
neg_facts:pair:407,negation_pair,True,L,0.18968169668326723
neg_facts:pair:408,negation_pair,True,L,0.21718400695011242
neg_facts:pair:409,negation_pair,True,L,0.23967211198706928
neg_facts:pair:410,negation_pair,True,L,0.05908376537135568
neg_facts:pair:411,negation_pair,True,L,0.08280612951179439
neg_facts:pair:412,negation_pair,True,L,0.14683284287601706
neg_facts:pair:413,negation_pair,True,L,0.11174227048987734
neg_facts:pair:414,negation_pair,True,L,0.17447638774896218
neg_facts:pair:415,negation_pair,True,L,0.004010262881634363
neg_facts:pair:416,negation_pair,True,L,0.14734696215732912
neg_facts:pair:418,negation_pair,True,L,0.13738836777361546
neg_facts:pair:419,negation_pair,True,L,0.16069151989773578
neg_facts:pair:420,negation_pair,True,L,7.876898243602826e-05
neg_facts:pair:421,negation_pair,True,L,0.03795847148968812
neg_facts:pair:422,negation_pair,True,L,0.07178670605728288
neg_facts:pair:423,negation_pair,True,L,0.37224908894588177
neg_facts:pair:424,negation_pair,True,L,0.1562317502226817
neg_facts:pair:425,negation_pair,True,L,0.3578349435603663
neg_facts:pair:426,negation_pair,True,L,0.3705473011955524
neg_facts:pair:427,negation_pair,True,L,0.02334260389660553
neg_facts:pair:428,negation_pair,True,L,0.2102273819304889
neg_facts:pair:429,negation_pair,True,L,0.021036276015859445
neg_facts:pair:430,negation_pair,True,L,0.01422781775311105
neg_facts:pair:431,negation_pair,True,L,0.12500661970078963
neg_facts:pair:432,negation_pair,True,L,0.07238387499214077
neg_facts:pair:433,negation_pair,True,L,0.3300732215472502
neg_facts:pair:434,negation_pair,True,L,0.16970331094593916
neg_facts:pair:435,negation_pair,True,L,0.16511085860631614
neg_facts:pair:436,negation_pair,True,L,0.04702107725391014
neg_facts:pair:437,negation_pair,True,L,0.0716191537243393
neg_facts:pair:438,negation_pair,True,L,0.033427903790373525
neg_facts:pair:439,negation_pair,True,L,0.060006708344777115
neg_facts:pair:440,negation_pair,True,L,0.08202987155375813
neg_facts:pair:441,negation_pair,True,L,0.15789224553739412
neg_facts:pair:442,negation_pair,True,L,0.3842807959498304
neg_facts:pair:443,negation_pair,True,L,0.12783221628327163
neg_facts:pair:444,negation_pair,True,L,0.12641504971220202
neg_facts:pair:445,negation_pair,True,L,0.2990079727824459
neg_facts:pair:446,negation_pair,True,L,0.3661813502602826
neg_facts:pair:447,negation_pair,True,L,0.034755386387369414
neg_facts:pair:448,negation_pair,True,L,0.37705418633030674
neg_facts:pair:449,negation_pair,True,L,0.04440187767462472
neg_facts:pair:450,negation_pair,True,L,0.2111796182188797
neg_facts:pair:451,negation_pair,True,L,0.262353473739175
neg_facts:pair:452,negation_pair,True,L,0.04668103254251599
neg_facts:pair:453,negation_pair,True,L,0.20294439581337403
neg_facts:pair:454,negation_pair,True,L,0.10433349661901647
neg_facts:pair:455,negation_pair,True,L,0.204885742736247
neg_facts:pair:456,negation_pair,True,L,0.12991080752076534
neg_facts:pair:457,negation_pair,True,L,0.19059744999961742
neg_facts:pair:458,negation_pair,True,L,0.17265992424375953
neg_facts:pair:459,negation_pair,True,L,0.1761612816180051
neg_facts:pair:460,negation_pair,True,L,0.2457924218682257
neg_facts:pair:461,negation_pair,True,L,0.12908849060395972
neg_facts:pair:462,negation_pair,True,L,0.26402261481769723
neg_facts:pair:463,negation_pair,True,L,0.13746615025061576
neg_facts:pair:464,negation_pair,True,L,0.16147279305024914
neg_facts:pair:465,negation_pair,True,L,0.3057505401202727
neg_facts:pair:466,negation_pair,True,L,0.10259880319818948
neg_facts:pair:467,negation_pair,True,L,0.0018438078578243422
neg_facts:pair:468,negation_pair,True,L,0.09438609472787096
neg_facts:pair:469,negation_pair,True,L,0.18620348422414584
neg_facts:pair:470,negation_pair,True,L,0.3299835726962636
neg_facts:pair:472,negation_pair,True,L,0.0452691435410566
neg_facts:pair:474,negation_pair,True,L,0.33245756889476785
neg_facts:pair:475,negation_pair,True,L,0.3221366904543057
neg_facts:pair:476,negation_pair,True,L,0.1009784924057957
neg_facts:pair:477,negation_pair,True,L,0.008375762327187786
neg_facts:pair:478,negation_pair,True,L,0.007222148720111565
neg_facts:pair:479,negation_pair,True,L,0.16508352236451673
neg_facts:pair:480,negation_pair,True,L,0.2718665464518441
neg_facts:pair:481,negation_pair,True,L,0.1933989615654862
neg_facts:pair:482,negation_pair,True,L,0.22418896537488453
neg_facts:pair:483,negation_pair,True,L,0.40727976528545534
neg_facts:pair:484,negation_pair,True,L,0.10609445661162414
neg_facts:pair:485,negation_pair,True,L,0.03593704810846199
neg_facts:pair:486,negation_pair,True,L,0.14819535871721157
neg_facts:pair:487,negation_pair,True,L,0.053403722735215986
neg_facts:pair:488,negation_pair,True,L,0.04175828049237296
neg_facts:pair:489,negation_pair,True,L,0.08197768521144144
neg_facts:pair:490,negation_pair,True,L,0.2914798889764455
neg_facts:pair:491,negation_pair,True,L,0.24344422556476075
neg_facts:pair:492,negation_pair,True,L,0.1367197373925167
neg_facts:pair:493,negation_pair,True,L,0.19215154087884906
neg_facts:pair:494,negation_pair,True,L,0.11766827847849937
neg_facts:pair:495,negation_pair,True,L,0.0018025977731940812
neg_facts:pair:496,negation_pair,True,L,0.3104351193079615
neg_facts:pair:497,negation_pair,True,L,0.07287805650185925
neg_facts:pair:498,negation_pair,True,L,0.16445491139259005
neg_facts:pair:499,negation_pair,True,L,0.027092501763280707
neg_facts:pair:500,negation_pair,True,L,0.2953101059524393
neg_facts:pair:501,negation_pair,True,L,0.02605572267600209
neg_facts:pair:502,negation_pair,True,L,0.36919126155580057
neg_facts:pair:503,negation_pair,True,L,0.01898743151976534
neg_facts:pair:504,negation_pair,True,L,0.04047831815044517
neg_facts:pair:505,negation_pair,True,L,0.32574328427872984
neg_facts:pair:506,negation_pair,True,L,0.24126798447581244
neg_facts:pair:507,negation_pair,True,L,0.006694427717315432
neg_facts:pair:508,negation_pair,True,L,0.20935336479249544
neg_facts:pair:509,negation_pair,True,L,0.20973141523406813
neg_facts:pair:510,negation_pair,True,L,0.269313684218799
neg_facts:pair:511,negation_pair,True,L,0.22756419292012842
neg_facts:pair:512,negation_pair,True,L,0.07961470339698468
neg_facts:pair:513,negation_pair,True,L,0.03391931204822668
neg_facts:pair:514,negation_pair,True,L,0.22591145994567585
neg_facts:pair:515,negation_pair,True,L,0.2206111513851664
neg_facts:pair:516,negation_pair,True,L,0.3420533492772737
neg_facts:pair:517,negation_pair,True,L,0.4461148323106749
neg_facts:pair:518,negation_pair,True,L,0.13171727519303916
neg_facts:pair:519,negation_pair,True,L,0.004513768260619222
neg_facts:pair:520,negation_pair,True,L,0.37821765840270444
neg_facts:pair:521,negation_pair,True,L,0.3188225111144194
neg_facts:pair:522,negation_pair,True,L,0.14447901874501334
neg_facts:pair:523,negation_pair,True,L,0.043866522733638114
neg_facts:pair:524,negation_pair,True,L,0.09475158570928421
neg_facts:pair:525,negation_pair,True,L,0.3757354350821651
neg_facts:pair:526,negation_pair,True,L,0.04549476123970553
neg_facts:pair:527,negation_pair,True,L,0.06590511035014679
neg_facts:pair:528,negation_pair,True,L,0.190924154015997
neg_facts:pair:529,negation_pair,True,L,0.18213980935985186
neg_facts:pair:530,negation_pair,True,L,0.06617315209302049
neg_facts:pair:531,negation_pair,True,L,0.11824668554920181
neg_facts:pair:532,negation_pair,True,L,0.3855415844743077
neg_facts:pair:533,negation_pair,True,L,0.28800217627263147
neg_facts:pair:534,negation_pair,True,L,0.1375456949879062
neg_facts:pair:535,negation_pair,True,L,0.05836136043934992
neg_facts:pair:536,negation_pair,True,L,0.29698175400477506
neg_facts:pair:537,negation_pair,True,L,0.004062721997051932
neg_facts:pair:538,negation_pair,True,L,0.034481473024898956
neg_facts:pair:540,negation_pair,True,L,0.13938473057386014
neg_facts:pair:541,negation_pair,True,L,0.10371610810232074
neg_facts:pair:543,negation_pair,True,L,0.05948008154200962
neg_facts:pair:544,negation_pair,True,L,0.3717464417243848
neg_facts:pair:545,negation_pair,True,L,0.11032915206074023
neg_facts:pair:546,negation_pair,True,L,0.4309482468408214
neg_facts:pair:547,negation_pair,True,L,0.09814901305916052
neg_facts:pair:548,negation_pair,True,L,0.15768642018239837
neg_facts:pair:549,negation_pair,True,L,0.010934717997596932
neg_facts:pair:550,negation_pair,True,L,0.02409392756289991
neg_facts:pair:551,negation_pair,True,L,0.19274478504110454
neg_facts:pair:552,negation_pair,True,L,0.005883389655917726
neg_facts:pair:553,negation_pair,True,L,0.03188714936466386
neg_facts:pair:554,negation_pair,True,L,0.12604036816637565
neg_facts:pair:555,negation_pair,True,L,0.11245295223658436
neg_facts:pair:556,negation_pair,True,L,0.09743176133673004
neg_facts:pair:557,negation_pair,True,L,0.08279903355899931
neg_facts:pair:558,negation_pair,True,L,0.20132626513725804
neg_facts:pair:559,negation_pair,True,L,0.03434024003532932
neg_facts:pair:560,negation_pair,True,L,0.02677214733325206
conj_neg_facts:0,conjunction,True,L,0.42629052098055575
conj_neg_facts:0,conjunction,True,rho,0.4602125481423385
conj_neg_facts:1,conjunction,True,L,0.21845286939625147
conj_neg_facts:1,conjunction,True,rho,0.2904932891636108
conj_neg_facts:2,conjunction,True,L,0.16846070433662175
conj_neg_facts:2,conjunction,True,rho,0.2520128756166777
conj_neg_facts:3,conjunction,True,L,0.3456073721545449
conj_neg_facts:3,conjunction,True,rho,0.4087090339266591
conj_neg_facts:4,conjunction,True,L,0.3571123370620291
conj_neg_facts:4,conjunction,True,rho,0.4166458953165026
conj_neg_facts:5,conjunction,True,L,0.15061144311131963
conj_neg_facts:5,conjunction,True,rho,0.23149215204557982
conj_neg_facts:6,conjunction,True,L,0.1873560626806987
conj_neg_facts:6,conjunction,True,rho,0.272574976570378
conj_neg_facts:7,conjunction,True,L,0.34511382240967614
conj_neg_facts:7,conjunction,True,rho,0.4083637177127831
conj_neg_facts:8,conjunction,True,L,0.14947991897919788
conj_neg_facts:8,conjunction,True,rho,0.23015325741577786
conj_neg_facts:9,conjunction,True,L,0.27681253831035435
conj_neg_facts:9,conjunction,True,rho,0.356344065857188
conj_neg_facts:10,conjunction,True,L,0.36908348571922206
conj_neg_facts:10,conjunction,True,rho,0.4246812783627823
conj_neg_facts:11,conjunction,True,L,0.17325600168607835
conj_neg_facts:11,conjunction,True,rho,0.25734044888152824
conj_neg_facts:12,conjunction,True,L,0.2224656523244275
conj_neg_facts:12,conjunction,True,rho,0.3079255762660504
conj_neg_facts:13,conjunction,True,L,0.21955830968369278
conj_neg_facts:13,conjunction,True,rho,0.30512928101713876
conj_neg_facts:14,conjunction,True,L,0.3045394800844573
conj_neg_facts:14,conjunction,True,rho,0.37852645845606975
conj_neg_facts:15,conjunction,True,L,0.41182300402118033
conj_neg_facts:15,conjunction,True,rho,0.45164796479692054
conj_neg_facts:16,conjunction,True,L,0.1523457161651294
conj_neg_facts:16,conjunction,True,rho,0.18601149305994935
conj_neg_facts:17,conjunction,True,L,0.3403997723911342
conj_neg_facts:17,conjunction,True,rho,0.4050450554295335
conj_neg_facts:18,conjunction,True,L,0.1123630693051717
conj_neg_facts:18,conjunction,True,rho,0.18349093036042555
conj_neg_facts:19,conjunction,True,L,0.11626452674051535
conj_neg_facts:19,conjunction,True,rho,0.18866009918735716
conj_neg_facts:20,conjunction,True,L,0.06588021059939421
conj_neg_facts:20,conjunction,True,rho,0.08993309867795192
conj_neg_facts:21,conjunction,True,L,0.28060034079207535
conj_neg_facts:21,conjunction,True,rho,0.35946735624961434
conj_neg_facts:22,conjunction,True,L,0.09048776913790074
conj_neg_facts:22,conjunction,True,rho,0.1532424105413917
conj_neg_facts:23,conjunction,True,L,0.2676110633408745
conj_neg_facts:23,conjunction,True,rho,0.34862846058543046
conj_neg_facts:24,conjunction,True,L,0.4638078102167105
conj_neg_facts:24,conjunction,True,rho,0.48122437409220015
conj_neg_facts:25,conjunction,True,L,0.3740824386358065
conj_neg_facts:25,conjunction,True,rho,0.42797157579283085
conj_neg_facts:26,conjunction,True,L,0.20045636498751263
conj_neg_facts:26,conjunction,True,rho,0.28617966087164654
conj_neg_facts:27,conjunction,True,L,0.29054005412860384
conj_neg_facts:27,conjunction,True,rho,0.3675209783631525
conj_neg_facts:28,conjunction,True,L,0.37985454580503986
conj_neg_facts:28,conjunction,True,rho,0.4317242521688453
conj_neg_facts:29,conjunction,True,L,0.2445192555991899
conj_neg_facts:29,conjunction,True,rho,0.32842569720026993
conj_neg_facts:30,conjunction,True,L,0.115594943427138
conj_neg_facts:30,conjunction,True,rho,0.18777760386334272
conj_neg_facts:31,conjunction,True,L,0.3796154960833681
conj_neg_facts:31,conjunction,True,rho,0.43156981405360434
conj_neg_facts:32,conjunction,True,L,0.32340077602253076
conj_neg_facts:32,conjunction,True,rho,0.392762291996773
conj_neg_facts:33,conjunction,True,L,0.3446934310820363
conj_neg_facts:33,conjunction,True,rho,0.40806926915542663
conj_neg_facts:34,conjunction,True,L,0.263108927640856
conj_neg_facts:34,conjunction,True,rho,0.3447855451701437
conj_neg_facts:35,conjunction,True,L,0.10661835882340132
conj_neg_facts:35,conjunction,True,rho,0.1757585428673781
conj_neg_facts:36,conjunction,True,L,0.3261673212372936
conj_neg_facts:36,conjunction,True,rho,0.39479571855833684
conj_neg_facts:37,conjunction,True,L,0.29968852851452443
conj_neg_facts:37,conjunction,True,rho,0.3747565681243624
conj_neg_facts:38,conjunction,True,L,0.3252730627907556
conj_neg_facts:38,conjunction,True,rho,0.3941399246581579
conj_neg_facts:40,conjunction,True,L,0.4737503671455581
conj_neg_facts:40,conjunction,True,rho,0.4865213746047717
conj_neg_facts:41,conjunction,True,L,0.3886337929625928
conj_neg_facts:41,conjunction,True,rho,0.4373385257687948
conj_neg_facts:42,conjunction,True,L,0.3107252196235458
conj_neg_facts:42,conjunction,True,rho,0.3832682296078413
conj_neg_facts:43,conjunction,True,L,0.3898667926654315
conj_neg_facts:43,conjunction,True,rho,0.438118149681322
conj_neg_facts:44,conjunction,True,L,0.10865528502044608
conj_neg_facts:44,conjunction,True,rho,0.17851694989684774
conj_neg_facts:45,conjunction,True,L,0.08236399139425304
conj_neg_facts:45,conjunction,True,rho,0.1414304328759467
conj_neg_facts:46,conjunction,True,L,0.4298780681389246
conj_neg_facts:46,conjunction,True,rho,0.46229509316129
conj_neg_facts:47,conjunction,True,L,0.37870864133431487
conj_neg_facts:47,conjunction,True,rho,0.4309831763566677
conj_neg_facts:48,conjunction,True,L,0.2554067229988241
conj_neg_facts:48,conjunction,True,rho,0.338104911199237
conj_neg_facts:49,conjunction,True,L,0.16666907697501376
conj_neg_facts:49,conjunction,True,rho,0.25000271158708687
conj_neg_facts:50,conjunction,True,L,0.2515225582907565
conj_neg_facts:50,conjunction,True,rho,0.3346839765699288
conj_neg_facts:51,conjunction,True,L,0.4234173737022028
conj_neg_facts:51,conjunction,True,rho,0.45853303799626427
conj_neg_facts:52,conjunction,True,L,0.3825017352148487
conj_neg_facts:52,conjunction,True,rho,0.43342887605963415
conj_neg_facts:53,conjunction,True,L,0.2431354585322255
conj_neg_facts:53,conjunction,True,rho,0.32717515459758156
conj_neg_facts:54,conjunction,True,L,0.06738783725684955
conj_neg_facts:54,conjunction,True,rho,0.11876856152336569
conj_neg_facts:55,conjunction,True,L,0.42100728538082327
conj_neg_facts:55,conjunction,True,rho,0.4571161293330499
conj_neg_facts:56,conjunction,True,L,0.30148475838995065
conj_neg_facts:56,conjunction,True,rho,0.3761578186409724
conj_neg_facts:57,conjunction,True,L,0.3300089666715939
conj_neg_facts:57,conjunction,True,rho,0.3975968693386021
conj_neg_facts:58,conjunction,True,L,0.4443226204442058
conj_neg_facts:58,conjunction,True,rho,0.47051993759844296
conj_neg_facts:59,conjunction,True,L,0.40889239457052123
conj_neg_facts:59,conjunction,True,rho,0.44987987248340344
conj_neg_facts:60,conjunction,True,L,0.2974150660929433
conj_neg_facts:60,conjunction,True,rho,0.3729739739558393
conj_neg_facts:61,conjunction,True,L,0.4506136578077882
conj_neg_facts:61,conjunction,True,rho,0.4740239676830955
conj_neg_facts:62,conjunction,True,L,0.3836247474266097
conj_neg_facts:62,conjunction,True,rho,0.4341489399700998
conj_neg_facts:63,conjunction,True,L,0.21013762114876267
conj_neg_facts:63,conjunction,True,rho,0.2959111232676717
conj_neg_facts:64,conjunction,True,L,0.4229935168925813
conj_neg_facts:64,conjunction,True,rho,0.4582843856982472
conj_neg_facts:65,conjunction,True,L,0.40504883073160336
conj_neg_facts:65,conjunction,True,rho,0.4475436208278167
conj_neg_facts:66,conjunction,True,L,0.35920308245337285
conj_neg_facts:66,conjunction,True,rho,0.4180654024514234
conj_neg_facts:67,conjunction,True,L,0.42412961084633893
conj_neg_facts:67,conjunction,True,rho,0.4589503527085462
conj_neg_facts:68,conjunction,True,L,0.17784855154950413
conj_neg_facts:68,conjunction,True,rho,0.26237210530723637
conj_neg_facts:69,conjunction,True,L,0.3555872602517125
conj_neg_facts:69,conjunction,True,rho,0.4156060717256347
conj_neg_facts:70,conjunction,True,L,0.48150049266313005
conj_neg_facts:70,conjunction,True,rho,0.49057590522105865
conj_neg_facts:71,conjunction,True,L,0.29312421420878065
conj_neg_facts:71,conjunction,True,rho,0.36958172371675835
conj_neg_facts:72,conjunction,True,L,0.2638310743306725
conj_neg_facts:72,conjunction,True,rho,0.34540500275124514
conj_neg_facts:73,conjunction,True,L,0.2101770883986938
conj_neg_facts:73,conjunction,True,rho,0.29595025217245574
conj_neg_facts:74,conjunction,True,L,0.3956375512633665
conj_neg_facts:74,conjunction,True,rho,0.4417384584928233
conj_neg_facts:75,conjunction,True,L,0.29209438721982717
conj_neg_facts:75,conjunction,True,rho,0.36876209695797696
conj_neg_facts:76,conjunction,True,L,0.14276755602587315
conj_neg_facts:76,conjunction,True,rho,0.22211381810958095
conj_neg_facts:77,conjunction,True,L,0.3887318162854152
conj_neg_facts:77,conjunction,True,rho,0.43740058492580663
conj_neg_facts:78,conjunction,True,L,0.1310300165884407
conj_neg_facts:78,conjunction,True,rho,0.20764466529949363
conj_neg_facts:79,conjunction,True,L,0.2322627157105282
conj_neg_facts:79,conjunction,True,rho,0.3171849538797825
conj_neg_facts:80,conjunction,True,L,0.39058353416940156
conj_neg_facts:80,conjunction,True,rho,0.43857035211601725
conj_neg_facts:81,conjunction,True,L,0.3441517954323847
conj_neg_facts:81,conjunction,True,rho,0.4076894668643166
conj_neg_facts:82,conjunction,True,L,0.2958981084913081
conj_neg_facts:82,conjunction,True,rho,0.3607272840134908
conj_neg_facts:83,conjunction,True,L,0.20185413882991998
conj_neg_facts:83,conjunction,True,rho,0.2876012659360197
conj_neg_facts:84,conjunction,True,L,0.410720070648783
conj_neg_facts:84,conjunction,True,rho,0.45098387955389224
conj_neg_facts:85,conjunction,True,L,0.17968883847226913
conj_neg_facts:85,conjunction,True,rho,0.2643692647302466
conj_neg_facts:86,conjunction,True,L,0.2721593191819584
conj_neg_facts:86,conjunction,True,rho,0.3524652392595476
conj_neg_facts:87,conjunction,True,L,0.47249708096773363
conj_neg_facts:87,conjunction,True,rho,0.485859639288121
conj_neg_facts:88,conjunction,True,L,0.19666767521240014
conj_neg_facts:88,conjunction,True,rho,0.28229768971617647
conj_neg_facts:89,conjunction,True,L,0.1092344897695745
conj_neg_facts:89,conjunction,True,rho,0.17929794127527052
conj_neg_facts:90,conjunction,True,L,0.13982373409115373
conj_neg_facts:90,conjunction,True,rho,0.21853477237722085
conj_neg_facts:91,conjunction,True,L,0.2386478633571672
conj_neg_facts:91,conjunction,True,rho,0.32308746182857495
conj_neg_facts:92,conjunction,True,L,0.05745826191013104
conj_neg_facts:92,conjunction,True,rho,0.10307186355665415
conj_neg_facts:93,conjunction,True,L,0.247374964602555
conj_neg_facts:93,conjunction,True,rho,0.2706386187892281
conj_neg_facts:94,conjunction,True,L,0.24234621519975763
conj_neg_facts:94,conjunction,True,rho,0.32645982459080064
conj_neg_facts:95,conjunction,True,L,0.3992764592200475
conj_neg_facts:95,conjunction,True,rho,0.4439974549832478
conj_neg_facts:96,conjunction,True,L,0.1872828518181176
conj_neg_facts:96,conjunction,True,rho,0.272497489676463
conj_neg_facts:97,conjunction,True,L,0.11797608720384678
conj_neg_facts:97,conjunction,True,rho,0.19090720441571213
conj_neg_facts:98,conjunction,True,L,0.3319783820609022
conj_neg_facts:98,conjunction,True,rho,0.39902284628905277
conj_neg_facts:99,conjunction,True,L,0.17685238685312554
conj_neg_facts:99,conjunction,True,rho,0.24662232524015018
conj_neg_facts:100,conjunction,True,L,0.39688143946664833
conj_neg_facts:100,conjunction,True,rho,0.44251271350053045
conj_neg_facts:101,conjunction,True,L,0.34556581845291445
conj_neg_facts:101,conjunction,True,rho,0.4086799760723267
conj_neg_facts:102,conjunction,True,L,0.2117892123434944
conj_neg_facts:102,conjunction,True,rho,0.2975448470849955
conj_neg_facts:103,conjunction,True,L,0.1799148109505196
conj_neg_facts:103,conjunction,True,rho,0.26461375462464043
conj_neg_facts:104,conjunction,True,L,0.403125570118541
conj_neg_facts:104,conjunction,True,rho,0.4463671315004714
conj_neg_facts:105,conjunction,True,L,0.4015475843894215
conj_neg_facts:105,conjunction,True,rho,0.4453981035969076
conj_neg_facts:106,conjunction,True,L,0.21929312781332605
conj_neg_facts:106,conjunction,True,rho,0.30487310295871184
conj_neg_facts:107,conjunction,True,L,0.20750789577793677
conj_neg_facts:107,conjunction,True,rho,0.2932941059968984
conj_neg_facts:108,conjunction,True,L,0.30585278871544325
conj_neg_facts:108,conjunction,True,rho,0.3795392818618684
conj_neg_facts:109,conjunction,True,L,0.3704580196874257
conj_neg_facts:109,conjunction,True,rho,0.42558975999836807
conj_neg_facts:110,conjunction,True,L,0.3975201331708341
conj_neg_facts:110,conjunction,True,rho,0.4429094328685885
conj_neg_facts:111,conjunction,True,L,0.34477931827215563
conj_neg_facts:111,conjunction,True,rho,0.40812944968555726
conj_neg_facts:112,conjunction,True,L,0.14823780415158638
conj_neg_facts:112,conjunction,True,rho,0.22867812275404087
conj_neg_facts:113,conjunction,True,L,0.3914702668394738
conj_neg_facts:113,conjunction,True,rho,0.4391287981228493
conj_neg_facts:114,conjunction,True,L,0.39712283522209596
conj_neg_facts:114,conjunction,True,rho,0.4426627209012936
conj_neg_facts:115,conjunction,True,L,0.18959201134226428
conj_neg_facts:115,conjunction,True,rho,0.2749335958420267
conj_neg_facts:116,conjunction,True,L,0.2936279715421725
conj_neg_facts:116,conjunction,True,rho,0.3699818832892149
conj_neg_facts:117,conjunction,False,L,0.3132869008723322
conj_neg_facts:117,conjunction,False,rho,0.3852108038827386
conj_neg_facts:118,conjunction,True,L,0.11162966955202303
conj_neg_facts:118,conjunction,True,rho,0.18251186152199603
conj_neg_facts:119,conjunction,True,L,0.29346180492022883
conj_neg_facts:119,conjunction,True,rho,0.3698499450137139
conj_neg_facts:120,conjunction,True,L,0.37954470456926054
conj_neg_facts:120,conjunction,True,rho,0.4315240630720811
conj_neg_facts:121,conjunction,True,L,0.22512014916850231
conj_neg_facts:121,conjunction,True,rho,0.31045910036653696
conj_neg_facts:122,conjunction,True,L,0.2960824972885099
conj_neg_facts:122,conjunction,True,rho,0.37192439011908884
conj_neg_facts:123,conjunction,True,L,0.27126265555867773
conj_neg_facts:123,conjunction,True,rho,0.35171242066969266
conj_neg_facts:124,conjunction,True,L,0.28846566598462736
conj_neg_facts:124,conjunction,True,rho,0.36585697821653984
conj_neg_facts:125,conjunction,True,L,0.3560929123951606
conj_neg_facts:125,conjunction,True,rho,0.4159512445896679
conj_neg_facts:126,conjunction,True,L,0.25627211696975344
conj_neg_facts:126,conjunction,True,rho,0.3388623105616926
conj_neg_facts:127,conjunction,True,L,0.11796932011811312
conj_neg_facts:127,conjunction,True,rho,0.19089834442843484
conj_neg_facts:128,conjunction,True,L,0.2619518531504598
conj_neg_facts:128,conjunction,True,rho,0.3437905585075503
conj_neg_facts:129,conjunction,True,L,0.0988022524211945
conj_neg_facts:129,conjunction,True,rho,0.1649998008886873
conj_neg_facts:130,conjunction,True,L,0.3059551671020069
conj_neg_facts:130,conjunction,True,rho,0.3796180973715169
conj_neg_facts:131,conjunction,True,L,0.40216010677478853
conj_neg_facts:131,conjunction,True,rho,0.445774651034511
conj_neg_facts:132,conjunction,True,L,0.18313150087118407
conj_neg_facts:132,conjunction,True,rho,0.2680764986501722
conj_neg_facts:133,conjunction,True,L,0.1737643017607861
conj_neg_facts:133,conjunction,True,rho,0.2579007247885917
conj_neg_facts:134,conjunction,True,L,0.29332024157916076
conj_neg_facts:134,conjunction,True,rho,0.36973749843478815
conj_neg_facts:135,conjunction,True,L,0.26829771230835114
conj_neg_facts:135,conjunction,True,rho,0.3492106093902719
conj_neg_facts:136,conjunction,True,L,0.24721882768883013
conj_neg_facts:136,conjunction,True,rho,0.33085197873491123
conj_neg_facts:137,conjunction,True,L,0.31094254685456346
conj_neg_facts:137,conjunction,True,rho,0.38343350963718603
conj_neg_facts:138,conjunction,True,L,0.43921611886188555
conj_neg_facts:138,conjunction,True,rho,0.4676411637761441
conj_neg_facts:139,conjunction,True,L,0.21224788475632855
conj_neg_facts:139,conjunction,True,rho,0.2979972131878524
conj_neg_facts:140,conjunction,True,L,0.08026934323940149
conj_neg_facts:140,conjunction,True,rho,0.1383311804674898
conj_neg_facts:141,conjunction,True,L,0.3205753722233234
conj_neg_facts:141,conjunction,True,rho,0.39067145209919524
conj_neg_facts:142,conjunction,True,L,0.21156031748827364
conj_neg_facts:142,conjunction,True,rho,0.29731888118080746
conj_neg_facts:143,conjunction,True,L,0.24963533518300468
conj_neg_facts:143,conjunction,True,rho,0.33300902914623476
conj_neg_facts:144,conjunction,True,L,0.10693433304975675
conj_neg_facts:144,conjunction,True,rho,0.1761876486908021
conj_neg_facts:145,conjunction,True,L,0.19641085559658678
conj_neg_facts:145,conjunction,True,rho,0.2620848051909906
conj_neg_facts:146,conjunction,True,L,0.17752451135680664
conj_neg_facts:146,conjunction,True,rho,0.2620193194210747
conj_neg_facts:147,conjunction,True,L,0.23870598526336168
conj_neg_facts:147,conjunction,True,rho,0.32314072178291453
conj_neg_facts:148,conjunction,True,L,0.38523998551197286
conj_neg_facts:148,conjunction,True,rho,0.43518141048404163
conj_neg_facts:149,conjunction,True,L,0.3806340138743652
conj_neg_facts:149,conjunction,True,rho,0.4322272452318289
conj_neg_facts:150,conjunction,True,L,0.3387403546355099
conj_neg_facts:150,conjunction,True,rho,0.40386795837755507
conj_neg_facts:151,conjunction,True,L,0.3879472853189659
conj_neg_facts:151,conjunction,True,rho,0.4369035096262596
conj_neg_facts:152,conjunction,True,L,0.2538948191218733
conj_neg_facts:152,conjunction,True,rho,0.33677750885409613
conj_neg_facts:153,conjunction,False,L,0.38230407739207284
conj_neg_facts:153,conjunction,False,rho,0.4333019501871654
conj_neg_facts:154,conjunction,True,L,0.20020614767931588
conj_neg_facts:154,conjunction,True,rho,0.28592457855854525
conj_neg_facts:155,conjunction,True,L,0.2730632181420149
conj_neg_facts:155,conjunction,True,rho,0.35322236491641235
conj_neg_facts:156,conjunction,True,L,0.1990966604942802
conj_neg_facts:156,conjunction,True,rho,0.28479131963456006
conj_neg_facts:157,conjunction,True,L,0.27920801067526335
conj_neg_facts:157,conjunction,True,rho,0.3583228186184856
conj_neg_facts:158,conjunction,True,L,0.17576556865467546
conj_neg_facts:158,conjunction,True,rho,0.26009843769429125
conj_neg_facts:159,conjunction,True,L,0.3312523146264597
conj_neg_facts:159,conjunction,True,rho,0.39849791549189834
conj_neg_facts:160,conjunction,True,L,0.2122715091143355
conj_neg_facts:160,conjunction,True,rho,0.2980204969566755
conj_neg_facts:161,conjunction,True,L,0.3523793725187535
conj_neg_facts:161,conjunction,True,rho,0.41340673399625316
conj_neg_facts:162,conjunction,True,L,0.3614166821361221
conj_neg_facts:162,conjunction,True,rho,0.4195608114297125
conj_neg_facts:163,conjunction,True,L,0.3587970634138334
conj_neg_facts:163,conjunction,True,rho,0.41779027746970504
conj_neg_facts:164,conjunction,True,L,0.39106868708306347
conj_neg_facts:164,conjunction,True,rho,0.4388760291456719
conj_neg_facts:165,conjunction,True,L,0.26772838663236187
conj_neg_facts:165,conjunction,True,rho,0.3487280023691082
conj_neg_facts:166,conjunction,True,L,0.17395104655346166
conj_neg_facts:166,conjunction,True,rho,0.22310850278115146
conj_neg_facts:167,conjunction,True,L,0.3644666172411867
conj_neg_facts:167,conjunction,True,rho,0.4216086659359112
conj_neg_facts:168,conjunction,True,L,0.2901851428337063
conj_neg_facts:168,conjunction,True,rho,0.36723690070034054
conj_neg_facts:169,conjunction,True,L,0.3262747761030074
conj_neg_facts:169,conjunction,True,rho,0.3948744237865159
conj_neg_facts:170,conjunction,True,L,0.27559452541889146
conj_neg_facts:170,conjunction,True,rho,0.35533325260392395
conj_neg_facts:171,conjunction,True,L,0.3160236357172504
conj_neg_facts:171,conjunction,True,rho,0.3872726498166673
conj_neg_facts:172,conjunction,True,L,0.11568160563141833
conj_neg_facts:172,conjunction,True,rho,0.18789193078584812
conj_neg_facts:173,conjunction,True,L,0.03609422767536685
conj_neg_facts:173,conjunction,True,rho,0.06732814086038585
conj_neg_facts:174,conjunction,True,L,0.11870318544646097
conj_neg_facts:174,conjunction,True,rho,0.1918580479924374
conj_neg_facts:175,conjunction,True,L,0.3203009535875247
conj_neg_facts:175,conjunction,True,rho,0.39046761092585897
conj_neg_facts:176,conjunction,True,L,0.18691611720258228
conj_neg_facts:176,conjunction,True,rho,0.27210908657054816
conj_neg_facts:177,conjunction,True,L,0.16233874117892325
conj_neg_facts:177,conjunction,True,rho,0.1980290806103458
conj_neg_facts:178,conjunction,True,L,0.11152118012474377
conj_neg_facts:178,conjunction,True,rho,0.1823668316802936
conj_neg_facts:179,conjunction,True,L,0.10152880515883539
conj_neg_facts:179,conjunction,True,rho,0.1687846106256315
conj_neg_facts:180,conjunction,True,L,0.35110354679500005
conj_neg_facts:180,conjunction,True,rho,0.412527415867494
conj_neg_facts:181,conjunction,True,L,0.31502523474174077
conj_neg_facts:181,conjunction,True,rho,0.386522062524314
conj_neg_facts:182,conjunction,True,L,0.14941835038486423
conj_neg_facts:182,conjunction,True,rho,0.23008027151729632
conj_neg_facts:183,conjunction,True,L,0.14873354584299203
conj_neg_facts:183,conjunction,True,rho,0.22926754257747037
conj_neg_facts:184,conjunction,True,L,0.2135985934463513
conj_neg_facts:184,conjunction,True,rho,0.299325973184404
conj_neg_facts:185,conjunction,True,L,0.3501957715724002
conj_neg_facts:185,conjunction,True,rho,0.41190015674240343
conj_neg_facts:186,conjunction,True,L,0.19629899274204893
conj_neg_facts:186,conjunction,True,rho,0.281917674430372
conj_neg_facts:187,conjunction,True,L,0.23579025749609178
conj_neg_facts:187,conjunction,True,rho,0.32045852074542386
conj_neg_facts:188,conjunction,True,L,0.42771073133607274
conj_neg_facts:188,conjunction,True,rho,0.46103889594991637
conj_neg_facts:189,conjunction,True,L,0.13651585629171592
conj_neg_facts:189,conjunction,True,rho,0.2144736143527437
conj_neg_facts:190,conjunction,True,L,0.24686075049792672
conj_neg_facts:190,conjunction,True,rho,0.33053116037138963
conj_neg_facts:191,conjunction,True,L,0.2918684796474616
conj_neg_facts:191,conjunction,True,rho,0.3685820147525015
conj_neg_facts:192,conjunction,True,L,0.3908973237035814
conj_neg_facts:192,conjunction,True,rho,0.4387680974038264
conj_neg_facts:193,conjunction,True,L,0.30712602264500033
conj_neg_facts:193,conjunction,True,rho,0.38051805297830676
conj_neg_facts:194,conjunction,True,L,0.2500185354981449
conj_neg_facts:194,conjunction,True,rho,0.3333498089245067
conj_neg_facts:195,conjunction,True,L,0.22590165939952578
conj_neg_facts:195,conjunction,True,rho,0.31120146437796303
conj_neg_facts:196,conjunction,True,L,0.3182855288048569
conj_neg_facts:196,conjunction,True,rho,0.3889663419439024
conj_neg_facts:197,conjunction,True,L,0.281235315235092
conj_neg_facts:197,conjunction,True,rho,0.35998797001446575
conj_neg_facts:198,conjunction,True,L,0.3023260808852675
conj_neg_facts:198,conjunction,True,rho,0.37681198217025136
conj_neg_facts:199,conjunction,True,L,0.4382647757950405
conj_neg_facts:199,conjunction,True,rho,0.46710138449317357
conj_neg_facts:200,conjunction,True,L,0.40849921699780944
conj_neg_facts:200,conjunction,True,rho,0.4496417931406918
conj_neg_facts:201,conjunction,True,L,0.3679386277171507
conj_neg_facts:201,conjunction,True,rho,0.42392240184643193
conj_neg_facts:202,conjunction,True,L,0.44708007119313037
conj_neg_facts:202,conjunction,True,rho,0.47206153396290923
conj_neg_facts:203,conjunction,True,L,0.2563127164424892
conj_neg_facts:203,conjunction,True,rho,0.33889780096270467
conj_neg_facts:204,conjunction,True,L,0.32129911573075237
conj_neg_facts:204,conjunction,True,rho,0.39120840334142565
conj_neg_facts:205,conjunction,True,L,0.05795617778632184
conj_neg_facts:205,conjunction,True,rho,0.10387227544690272
conj_neg_facts:206,conjunction,True,L,0.2377924769742532
conj_neg_facts:206,conjunction,True,rho,0.322302658803814
conj_neg_facts:207,conjunction,True,L,0.37573430835931526
conj_neg_facts:207,conjunction,True,rho,0.4290505747836372
conj_neg_facts:208,conjunction,True,L,0.20485620750091016
conj_neg_facts:208,conjunction,True,rho,0.29063545914880184
conj_neg_facts:209,conjunction,True,L,0.058172333551702815
conj_neg_facts:209,conjunction,True,rho,0.10421930657427397
conj_neg_facts:210,conjunction,True,L,0.35075434522364496
conj_neg_facts:210,conjunction,True,rho,0.41228628121956773
conj_neg_facts:211,conjunction,True,L,0.2616659391627739
conj_neg_facts:211,conjunction,True,rho,0.3435442307560689
conj_neg_facts:212,conjunction,True,L,0.3986642621650012
conj_neg_facts:212,conjunction,True,rho,0.443618689369672
conj_neg_facts:213,conjunction,True,L,0.4001512125860299
conj_neg_facts:213,conjunction,True,rho,0.444537769866956
conj_neg_facts:214,conjunction,True,L,0.1649372674715765
conj_neg_facts:214,conjunction,True,rho,0.24804936576761616
conj_neg_facts:215,conjunction,True,L,0.4625244586297907
conj_neg_facts:215,conjunction,True,rho,0.4805326809962014
conj_neg_facts:216,conjunction,True,L,0.14295098453353983
conj_neg_facts:216,conjunction,True,rho,0.22233574249404187
conj_neg_facts:217,conjunction,True,L,0.2929993800619994
conj_neg_facts:217,conjunction,True,rho,0.369482483125134
conj_neg_facts:218,conjunction,True,L,0.21548870221207705
conj_neg_facts:218,conjunction,True,rho,0.30117694597531797
conj_neg_facts:219,conjunction,True,L,0.21369269034139782
conj_neg_facts:219,conjunction,True,rho,0.2994183536322572
conj_neg_facts:220,conjunction,True,L,0.2218286498983602
conj_neg_facts:220,conjunction,True,rho,0.30731483147641153
conj_neg_facts:221,conjunction,True,L,0.27691345804143924
conj_neg_facts:221,conjunction,True,rho,0.35642767566354744
conj_neg_facts:222,conjunction,True,L,0.22768299478535825
conj_neg_facts:222,conjunction,True,rho,0.31288761234899687
conj_neg_facts:223,conjunction,True,L,0.17515546933824694
conj_neg_facts:223,conjunction,True,rho,0.25942983104310086
conj_neg_facts:224,conjunction,True,L,0.19909214973699918
conj_neg_facts:224,conjunction,True,rho,0.2847867048884736
conj_neg_facts:225,conjunction,True,L,0.3909294727590702
conj_neg_facts:225,conjunction,True,rho,0.43878834937228234
conj_neg_facts:226,conjunction,True,L,0.3357038781209982
conj_neg_facts:226,conjunction,True,rho,0.40170195078643994
conj_neg_facts:227,conjunction,True,L,0.2994918820861636
conj_neg_facts:227,conjunction,True,rho,0.37460278058694096
conj_neg_facts:228,conjunction,True,L,0.12741378985114554
conj_neg_facts:228,conjunction,True,rho,0.20307776448677467
conj_neg_facts:229,conjunction,True,L,0.14442862222787106
conj_neg_facts:229,conjunction,True,rho,0.2241188818221064
conj_neg_facts:230,conjunction,True,L,0.2913731368994229
conj_neg_facts:230,conjunction,True,rho,0.3681867924415711
conj_neg_facts:231,conjunction,True,L,0.188245432563015
conj_neg_facts:231,conjunction,True,rho,0.27351497540926933
conj_neg_facts:232,conjunction,True,L,0.1533176033951134
conj_neg_facts:232,conjunction,True,rho,0.23467545126346467
conj_neg_facts:233,conjunction,True,L,0.1639065654745222
conj_neg_facts:233,conjunction,True,rho,0.24688197707063075
conj_neg_facts:234,conjunction,True,L,0.3741497618524976
conj_neg_facts:234,conjunction,True,rho,0.42801563093673983
conj_neg_facts:235,conjunction,True,L,0.23996112587407903
conj_neg_facts:235,conjunction,True,rho,0.3242888274578274
conj_neg_facts:236,conjunction,True,L,0.22978928696341744
conj_neg_facts:236,conjunction,True,rho,0.31487073196093135
conj_neg_facts:237,conjunction,True,L,0.23498950510259214
conj_neg_facts:237,conjunction,True,rho,0.3197181775674356
conj_neg_facts:238,conjunction,True,L,0.4697059615593438
conj_neg_facts:238,conjunction,True,rho,0.48437978127310805
conj_neg_facts:239,conjunction,True,L,0.2121195829190365
conj_neg_facts:239,conjunction,True,rho,0.29787073408308895
conj_neg_facts:240,conjunction,True,L,0.17923861558490023
conj_neg_facts:240,conjunction,True,rho,0.2638816631921844
conj_neg_facts:241,conjunction,True,L,0.1130389954422843
conj_neg_facts:241,conjunction,True,rho,0.1843911990634967
conj_neg_facts:242,conjunction,True,L,0.0614540978117236
conj_neg_facts:242,conjunction,True,rho,0.08440096864391453
conj_neg_facts:243,conjunction,True,L,0.22324935372856713
conj_neg_facts:243,conjunction,True,rho,0.30867549701586294
conj_neg_facts:244,conjunction,True,L,0.21598562065759902
conj_neg_facts:244,conjunction,True,rho,0.3016619530141212
conj_neg_facts:245,conjunction,True,L,0.12342702254601545
conj_neg_facts:245,conjunction,True,rho,0.19798150879304444
conj_neg_facts:246,conjunction,True,L,0.28899109279603025
conj_neg_facts:246,conjunction,True,rho,0.3662792843096648
conj_neg_facts:247,conjunction,True,L,0.3576261331904912
conj_neg_facts:247,conjunction,True,rho,0.41699537753131555
conj_neg_facts:248,conjunction,True,L,0.26664869267853664
conj_neg_facts:248,conjunction,True,rho,0.3478107968160914
conj_neg_facts:249,conjunction,True,L,0.07926883842017379
conj_neg_facts:249,conjunction,True,rho,0.13684291845624186
conj_neg_facts:250,conjunction,True,L,0.4001869858019345
conj_neg_facts:250,conjunction,True,rho,0.44455984380337016
conj_neg_facts:251,conjunction,True,L,0.3437866168451407
conj_neg_facts:251,conjunction,True,rho,0.4074331234720632
conj_neg_facts:252,conjunction,True,L,0.08054913614805964
conj_neg_facts:252,conjunction,True,rho,0.13874645767712743
conj_neg_facts:253,conjunction,True,L,0.21492985967824565
conj_neg_facts:253,conjunction,True,rho,0.3006306937228429
conj_neg_facts:254,conjunction,True,L,0.365934465331205
conj_neg_facts:254,conjunction,True,rho,0.42258909880811985
conj_neg_facts:255,conjunction,True,L,0.2734071867768438
conj_neg_facts:255,conjunction,True,rho,0.35351001574767077
conj_neg_facts:256,conjunction,True,L,0.09449322035261648
conj_neg_facts:256,conjunction,True,rho,0.15894751549322791
conj_neg_facts:257,conjunction,True,L,0.38483512631777295
conj_neg_facts:257,conjunction,True,rho,0.4349229758986378
conj_neg_facts:258,conjunction,True,L,0.2802593950716726
conj_neg_facts:258,conjunction,True,rho,0.3591874661706941
conj_neg_facts:259,conjunction,True,L,0.3673543994523461
conj_neg_facts:259,conjunction,True,rho,0.42353437036152297
conj_neg_facts:260,conjunction,True,L,0.3329528118350754
conj_neg_facts:260,conjunction,True,rho,0.3997258993598306
conj_neg_facts:261,conjunction,True,L,0.20801200750384358
conj_neg_facts:261,conjunction,True,rho,0.29379728775675357
conj_neg_facts:262,conjunction,True,L,0.3897185735965722
conj_neg_facts:262,conjunction,True,rho,0.4380245452460155
conj_neg_facts:263,conjunction,True,L,0.23214846838276737
conj_neg_facts:263,conjunction,True,rho,0.31707840473334187
conj_neg_facts:264,conjunction,True,L,0.45985073100895413
conj_neg_facts:264,conjunction,True,rho,0.4790856704620921
conj_neg_facts:265,conjunction,True,L,0.05506023990008385
conj_neg_facts:265,conjunction,True,rho,0.0991968725952974
conj_neg_facts:266,conjunction,True,L,0.22374883652992605
conj_neg_facts:266,conjunction,True,rho,0.30915260272155803
conj_neg_facts:267,conjunction,True,L,0.41089623878508386
conj_neg_facts:267,conjunction,True,rho,0.45109005975600525
conj_neg_facts:268,conjunction,True,L,0.40185478449964823
conj_neg_facts:268,conjunction,True,rho,0.4455870184495373
conj_neg_facts:269,conjunction,True,L,0.24537047586577498
conj_neg_facts:269,conjunction,True,rho,0.32919264152603867
conj_neg_facts:270,conjunction,True,L,0.26564266814629156
conj_neg_facts:270,conjunction,True,rho,0.3469538457012105
conj_neg_facts:271,conjunction,True,L,0.3891292184796653
conj_neg_facts:271,conjunction,True,rho,0.4376520424613229
conj_neg_facts:272,conjunction,True,L,0.2545765257196476
conj_neg_facts:272,conjunction,True,rho,0.3373766835336616
conj_neg_facts:273,conjunction,True,L,0.4372490197870769
conj_neg_facts:273,conjunction,True,rho,0.4665238485780551
conj_neg_facts:274,conjunction,True,L,0.29598960316128886
conj_neg_facts:274,conjunction,True,rho,0.3718510920064284
conj_neg_facts:275,conjunction,True,L,0.1650764231575227
conj_neg_facts:275,conjunction,True,rho,0.19847044739790512
conj_neg_facts:276,conjunction,True,L,0.17510351099410226
conj_neg_facts:276,conjunction,True,rho,0.2593728341543642
conj_neg_facts:277,conjunction,True,L,0.10446695607990014
conj_neg_facts:277,conjunction,True,rho,0.1728249245540089
conj_neg_facts:278,conjunction,True,L,0.38714643715826796
conj_neg_facts:278,conjunction,True,rho,0.4363951890494946
conj_neg_facts:279,conjunction,True,L,0.4149107262770354
conj_neg_facts:279,conjunction,True,rho,0.4534985921144401
conj_neg_facts:280,conjunction,True,L,0.39271476059966254
conj_neg_facts:280,conjunction,True,rho,0.4399106836049899
conj_neg_facts:281,conjunction,True,L,0.24945939806835937
conj_neg_facts:281,conjunction,True,rho,0.3328524516622391
conj_neg_facts:282,conjunction,True,L,0.22835217794881857
conj_neg_facts:282,conjunction,True,rho,0.3135189059115642
conj_neg_facts:283,conjunction,True,L,0.1700850488758932
conj_neg_facts:283,conjunction,True,rho,0.25382606157415516
conj_neg_facts:284,conjunction,True,L,0.43570912504197823
conj_neg_facts:284,conjunction,True,rho,0.46564590788021987
conj_neg_facts:285,conjunction,True,L,0.43197153787659875
conj_neg_facts:285,conjunction,True,rho,0.4635029293499686
conj_neg_facts:286,conjunction,True,L,0.4519687500128767
conj_neg_facts:286,conjunction,True,rho,0.47477267505552395
conj_neg_facts:287,conjunction,True,L,0.44254508689567384
conj_neg_facts:287,conjunction,True,rho,0.4695213980195063
conj_neg_facts:288,conjunction,True,L,0.34863715430140885
conj_neg_facts:288,conjunction,True,rho,0.41082004545087847
conj_neg_facts:289,conjunction,True,L,0.344068287446355
conj_neg_facts:289,conjunction,True,rho,0.4076308665585571
conj_neg_facts:290,conjunction,True,L,0.3251397245122861
conj_neg_facts:290,conjunction,True,rho,0.3940420208280069
conj_neg_facts:291,conjunction,True,L,0.2693697625129089
conj_neg_facts:291,conjunction,True,rho,0.350117428105175
conj_neg_facts:292,conjunction,True,L,0.3658080333939851
conj_neg_facts:292,conjunction,True,rho,0.42250478083462706
conj_neg_facts:293,conjunction,True,L,0.1944227293523016
conj_neg_facts:293,conjunction,True,rho,0.2799774850884314
conj_neg_facts:294,conjunction,True,L,0.3087382198771309
conj_neg_facts:294,conjunction,True,rho,0.381752973074571
conj_neg_facts:295,conjunction,True,L,0.25231066689582804
conj_neg_facts:295,conjunction,True,rho,0.3353809509798762
conj_neg_facts:296,conjunction,True,L,0.2809924537035714
conj_neg_facts:296,conjunction,True,rho,0.35978894849888415
conj_neg_facts:297,conjunction,True,L,0.20442509680960233
conj_neg_facts:297,conjunction,True,rho,0.2764501682476063
conj_neg_facts:298,conjunction,True,L,0.4093332604450148
conj_neg_facts:298,conjunction,True,rho,0.4501465834920554
conj_neg_facts:299,conjunction,True,L,0.2938381188034494
conj_neg_facts:299,conjunction,True,rho,0.3701486636171502
conj_neg_facts:300,conjunction,True,L,0.31340068527100456
conj_neg_facts:300,conjunction,True,rho,0.38529680506303926
conj_neg_facts:301,conjunction,True,L,0.4144307133642707
conj_neg_facts:301,conjunction,True,rho,0.4532117166532429
conj_neg_facts:302,conjunction,True,L,0.284306048183217
conj_neg_facts:302,conjunction,True,rho,0.36249375972783776
conj_neg_facts:303,conjunction,True,L,0.30584412158062113
conj_neg_facts:303,conjunction,True,rho,0.37953260859026167
conj_neg_facts:304,conjunction,True,L,0.3667686191977784
conj_neg_facts:304,conjunction,True,rho,0.4231447829032324
conj_neg_facts:305,conjunction,True,L,0.17705121538702323
conj_neg_facts:305,conjunction,True,rho,0.26150343041008406
conj_neg_facts:306,conjunction,True,L,0.19575541386621753
conj_neg_facts:306,conjunction,True,rho,0.2813566520142926
conj_neg_facts:307,conjunction,True,L,0.1856925636361209
conj_neg_facts:307,conjunction,True,rho,0.2708102340375724
conj_neg_facts:308,conjunction,True,L,0.3964718349118939
conj_neg_facts:308,conjunction,True,rho,0.44225799347155126
conj_neg_facts:309,conjunction,True,L,0.3211080225466284
conj_neg_facts:309,conjunction,True,rho,0.391066721709437
conj_neg_facts:310,conjunction,True,L,0.4402345610467965
conj_neg_facts:310,conjunction,True,rho,0.4682178036049512
conj_neg_facts:311,conjunction,True,L,0.3255785648700227
conj_neg_facts:311,conjunction,True,rho,0.39436412078029315
conj_neg_facts:312,conjunction,True,L,0.13355282834682575
conj_neg_facts:312,conjunction,True,rho,0.21079982974003117
conj_neg_facts:313,conjunction,True,L,0.1260638433378889
conj_neg_facts:313,conjunction,True,rho,0.20135940556121829
conj_neg_facts:314,conjunction,True,L,0.15543753693705648
conj_neg_facts:314,conjunction,True,rho,0.23715080107165668
conj_neg_facts:315,conjunction,True,L,0.18806760355825725
conj_neg_facts:315,conjunction,True,rho,0.27332721753747596
conj_neg_facts:316,conjunction,True,L,0.21873423766235112
conj_neg_facts:316,conjunction,True,rho,0.3043325699548888
conj_neg_facts:317,conjunction,True,L,0.15130898776391383
conj_neg_facts:317,conjunction,True,rho,0.23231521536865396
conj_neg_facts:318,conjunction,True,L,0.2539358177453218
conj_neg_facts:318,conjunction,True,rho,0.3368135745357318
conj_neg_facts:319,conjunction,True,L,0.34925533606891423
conj_neg_facts:319,conjunction,True,rho,0.41124891565070293
conj_neg_facts:320,conjunction,True,L,0.2542960881339464
conj_neg_facts:320,conjunction,True,rho,0.3371303287056011
conj_neg_facts:321,conjunction,True,L,0.21359812362033204
conj_neg_facts:321,conjunction,True,rho,0.2993255118674839
conj_neg_facts:322,conjunction,True,L,0.33843254096523334
conj_neg_facts:322,conjunction,True,rho,0.40364910046980973
conj_neg_facts:323,conjunction,True,L,0.12814843665941533
conj_neg_facts:323,conjunction,True,rho,0.20400979956414025
conj_neg_facts:324,conjunction,True,L,0.20137489860938446
conj_neg_facts:324,conjunction,True,rho,0.28711449327406835
conj_neg_facts:325,conjunction,True,L,0.21581400584208826
conj_neg_facts:325,conjunction,True,rho,0.3014945280208695
conj_neg_facts:326,conjunction,True,L,0.2575556460907067
conj_neg_facts:326,conjunction,True,rho,0.3399824784090753
conj_neg_facts:327,conjunction,True,L,0.2445115303838673
conj_neg_facts:327,conjunction,True,rho,0.3284187287976564
conj_neg_facts:328,conjunction,True,L,0.2518191021946937
conj_neg_facts:328,conjunction,True,rho,0.33494640061630393
conj_neg_facts:329,conjunction,True,L,0.2730814300920598
conj_neg_facts:329,conjunction,True,rho,0.35323760145104094
conj_neg_facts:330,conjunction,True,L,0.16952283061732043
conj_neg_facts:330,conjunction,True,rho,0.25319947709776414
conj_neg_facts:331,conjunction,True,L,0.1468674719863849
conj_neg_facts:331,conjunction,True,rho,0.22704414481591986
conj_neg_facts:332,conjunction,True,L,0.27986939100901703
conj_neg_facts:332,conjunction,True,rho,0.35886700290533813
conj_neg_facts:333,conjunction,True,L,0.312465380547169
conj_neg_facts:333,conjunction,True,rho,0.384589162847448
conj_neg_facts:334,conjunction,True,L,0.4157386598141401
conj_neg_facts:334,conjunction,True,rho,0.45399269252050484
conj_neg_facts:335,conjunction,True,L,0.10244416320047661
conj_neg_facts:335,conjunction,True,rho,0.1700475653316041
conj_neg_facts:336,conjunction,True,L,0.15272087970324155
conj_neg_facts:336,conjunction,True,rho,0.23397578421679394
conj_neg_facts:337,conjunction,True,L,0.23562856571029184
conj_neg_facts:337,conjunction,True,rho,0.3203091569490356
conj_neg_facts:338,conjunction,True,L,0.2714667410054584
conj_neg_facts:338,conjunction,True,rho,0.35188392003996677
conj_neg_facts:339,conjunction,True,L,0.18365152172441884
conj_neg_facts:339,conjunction,True,rho,0.26863323767814073
conj_neg_facts:340,conjunction,True,L,0.24411005400944474
conj_neg_facts:340,conjunction,True,rho,0.3280563845282305
conj_neg_facts:341,conjunction,True,L,0.30140734113508266
conj_neg_facts:341,conjunction,True,rho,0.3760975544698416
conj_neg_facts:342,conjunction,True,L,0.169381240732987
conj_neg_facts:342,conjunction,True,rho,0.2530415112134167
conj_neg_facts:343,conjunction,True,L,0.24711507444866948
conj_neg_facts:343,conjunction,True,rho,0.33075905292237223
conj_neg_facts:344,conjunction,True,L,0.3655795907393315
conj_neg_facts:344,conjunction,True,rho,0.42235236903757517
conj_neg_facts:345,conjunction,True,L,0.06848090796403705
conj_neg_facts:345,conjunction,True,rho,0.12046298653950444
conj_neg_facts:346,conjunction,True,L,0.19467249479470838
conj_neg_facts:346,conjunction,True,rho,0.28023636498266463
conj_neg_facts:347,conjunction,True,L,0.27571745894290955
conj_neg_facts:347,conjunction,True,rho,0.355435417579278
conj_neg_facts:348,conjunction,True,L,0.10221226818107099
conj_neg_facts:348,conjunction,True,rho,0.1697279739746819
conj_neg_facts:349,conjunction,True,L,0.41846805831018097
conj_neg_facts:349,conjunction,True,rho,0.4556152546884301
conj_neg_facts:350,conjunction,True,L,0.16704353058460886
conj_neg_facts:350,conjunction,True,rho,0.2504237323735212
conj_neg_facts:351,conjunction,True,L,0.3620626360314427
conj_neg_facts:351,conjunction,True,rho,0.41999574149068797
conj_neg_facts:352,conjunction,True,L,0.1184436526903444
conj_neg_facts:352,conjunction,True,rho,0.19151890746245448
conj_neg_facts:353,conjunction,True,L,0.37614616593066713
conj_neg_facts:353,conjunction,True,rho,0.42931896589550683
conj_neg_facts:354,conjunction,True,L,0.26703174059730905
conj_neg_facts:354,conjunction,True,rho,0.34813649352941245
conj_neg_facts:355,conjunction,True,L,0.2675834453739231
conj_neg_facts:355,conjunction,True,rho,0.348605023970484
conj_neg_facts:356,conjunction,True,L,0.12265924526322958
conj_neg_facts:356,conjunction,True,rho,0.1969925704891369
conj_neg_facts:357,conjunction,True,L,0.18930899911606136
conj_neg_facts:357,conjunction,True,rho,0.2746359025615836
conj_neg_facts:358,conjunction,True,L,0.21265784016271583
conj_neg_facts:358,conjunction,True,rho,0.29840103928999256
conj_neg_facts:359,conjunction,True,L,0.3682369602873673
conj_neg_facts:359,conjunction,True,rho,0.4241203463228391
conj_neg_facts:360,conjunction,True,L,0.2849432339693203
conj_neg_facts:360,conjunction,True,rho,0.36301126200988104
conj_neg_facts:361,conjunction,True,L,0.15554410870676905
conj_neg_facts:361,conjunction,True,rho,0.23727481742398723
conj_neg_facts:362,conjunction,True,L,0.16759377858362656
conj_neg_facts:362,conjunction,True,rho,0.2510415524530428
conj_neg_facts:363,conjunction,True,L,0.29130491217481047
conj_neg_facts:363,conjunction,True,rho,0.36813231877228264
conj_neg_facts:364,conjunction,True,L,0.3304095629981101
conj_neg_facts:364,conjunction,True,rho,0.3978874735078912
conj_neg_facts:365,conjunction,True,L,0.183163839971551
conj_neg_facts:365,conjunction,True,rho,0.2681111458990254
conj_neg_facts:366,conjunction,True,L,0.29473292523296585
conj_neg_facts:366,conjunction,True,rho,0.3708578264157971
conj_neg_facts:367,conjunction,True,L,0.1114436530481428
conj_neg_facts:367,conjunction,True,rho,0.1822631611148119
conj_neg_facts:368,conjunction,True,L,0.46192261244716554
conj_neg_facts:368,conjunction,True,rho,0.480207665845403
conj_neg_facts:369,conjunction,True,L,0.22531769086410397
conj_neg_facts:369,conjunction,True,rho,0.31064689818288144
conj_neg_facts:370,conjunction,True,L,0.16267003933192148
conj_neg_facts:370,conjunction,True,rho,0.24547667719506275
conj_neg_facts:371,conjunction,True,L,0.264484411639581
conj_neg_facts:371,conjunction,True,rho,0.3459644272828849
conj_neg_facts:372,conjunction,True,L,0.35953906633854765
conj_neg_facts:372,conjunction,True,rho,0.41829287395872183
conj_neg_facts:373,conjunction,True,L,0.17194134784449866
conj_neg_facts:373,conjunction,True,rho,0.25588743481267284
conj_neg_facts:374,conjunction,True,L,0.08167269375955721
conj_neg_facts:374,conjunction,True,rho,0.14041005300021492
conj_neg_facts:375,conjunction,True,L,0.12505923431804483
conj_neg_facts:375,conjunction,True,rho,0.20007581274195166
conj_neg_facts:376,conjunction,True,L,0.3352191247650182
conj_neg_facts:376,conjunction,True,rho,0.4013547042033181
conj_neg_facts:377,conjunction,True,L,0.029854940667043917
conj_neg_facts:377,conjunction,True,rho,0.056345498315933405
conj_neg_facts:378,conjunction,True,L,0.2098537741380871
conj_neg_facts:378,conjunction,True,rho,0.2956295814485091
conj_neg_facts:379,conjunction,True,L,0.4661499047457404
conj_neg_facts:379,conjunction,True,rho,0.48248196522714143
conj_neg_facts:380,conjunction,True,L,0.16765390967176663
conj_neg_facts:380,conjunction,True,rho,0.2511090060929756
conj_neg_facts:381,conjunction,True,L,0.23985653490457215
conj_neg_facts:381,conjunction,True,rho,0.2645895157331206
conj_neg_facts:382,conjunction,True,L,0.2675220379462246
conj_neg_facts:382,conjunction,True,rho,0.3485529075648094
conj_neg_facts:383,conjunction,True,L,0.13986318074942794
conj_neg_facts:383,conjunction,True,rho,0.21858294860100536
conj_neg_facts:384,conjunction,True,L,0.2910834868652828
conj_neg_facts:384,conjunction,True,rho,0.36795545817637915
conj_neg_facts:385,conjunction,True,L,0.15359063551725144
conj_neg_facts:385,conjunction,True,rho,0.2349951593105368
conj_neg_facts:386,conjunction,True,L,0.13723605540410755
conj_neg_facts:386,conjunction,True,rho,0.21536141001481537
conj_neg_facts:387,conjunction,True,L,0.27663633068758614
conj_neg_facts:387,conjunction,True,rho,0.356198029575399
conj_neg_facts:388,conjunction,True,L,0.26246747123232833
conj_neg_facts:388,conjunction,True,rho,0.34423431967283613
conj_neg_facts:389,conjunction,True,L,0.42824165940394554
conj_neg_facts:389,conjunction,True,rho,0.46134716651150254
conj_neg_facts:390,conjunction,True,L,0.25470136493673223
conj_neg_facts:390,conjunction,True,rho,0.3374862916248791
conj_neg_facts:391,conjunction,True,L,0.37685156993427593
conj_neg_facts:391,conjunction,True,rho,0.4297780637634289
conj_neg_facts:392,conjunction,True,L,0.27147177394583644
conj_neg_facts:392,conjunction,True,rho,0.35188814823041853
conj_neg_facts:393,conjunction,True,L,0.3771137122686557
conj_neg_facts:393,conjunction,True,rho,0.42994848557691634
conj_neg_facts:394,conjunction,True,L,0.34716823312514616
conj_neg_facts:394,conjunction,True,rho,0.40979845507717655
conj_neg_facts:395,conjunction,True,L,0.10040507443597474
conj_neg_facts:395,conjunction,True,rho,0.16722889047914202
conj_neg_facts:396,conjunction,True,L,0.11692764027742847
conj_neg_facts:396,conjunction,True,rho,0.18953217953542634
conj_neg_facts:397,conjunction,True,L,0.27091345247027804
conj_neg_facts:397,conjunction,True,rho,0.35141876380827963
conj_neg_facts:398,conjunction,True,L,0.16260789064546616
conj_neg_facts:398,conjunction,True,rho,0.2454059073867426
conj_neg_facts:399,conjunction,True,L,0.0516123540075743
conj_neg_facts:399,conjunction,True,rho,0.09356634896336204
conj_neg_facts:400,conjunction,True,L,0.18291453368648258
conj_neg_facts:400,conjunction,True,rho,0.26784396094058877
conj_neg_facts:401,conjunction,True,L,0.11022446845949163
conj_neg_facts:401,conjunction,True,rho,0.18062938173841633
conj_neg_facts:402,conjunction,True,L,0.16559225590345922
conj_neg_facts:402,conjunction,True,rho,0.24878933676697934
conj_neg_facts:404,conjunction,True,L,0.2617754637973484
conj_neg_facts:404,conjunction,True,rho,0.34363861300078224
conj_neg_facts:405,conjunction,True,L,0.28786474324686145
conj_neg_facts:405,conjunction,True,rho,0.36537330260590867
conj_neg_facts:406,conjunction,True,L,0.3576349889752616
conj_neg_facts:406,conjunction,True,rho,0.4170013975322766
conj_neg_facts:407,conjunction,True,L,0.25769164548058837
conj_neg_facts:407,conjunction,True,rho,0.34010094610075825
conj_neg_facts:408,conjunction,True,L,0.20770816147067583
conj_neg_facts:408,conjunction,True,rho,0.23755048154022354
conj_neg_facts:409,conjunction,True,L,0.23060247700262565
conj_neg_facts:409,conjunction,True,rho,0.31563330848356386
conj_neg_facts:410,conjunction,True,L,0.4096767760790405
conj_neg_facts:410,conjunction,True,rho,0.4503542212486298
conj_neg_facts:411,conjunction,True,L,0.1974944639292297
conj_neg_facts:411,conjunction,True,rho,0.28314843219926705
conj_neg_facts:412,conjunction,True,L,0.15238000689449976
conj_neg_facts:412,conjunction,True,rho,0.23357553156766514
conj_neg_facts:413,conjunction,True,L,0.3040934846890613
conj_neg_facts:413,conjunction,True,rho,0.3781817543350107
conj_neg_facts:414,conjunction,True,L,0.3685303696854858
conj_neg_facts:414,conjunction,True,rho,0.42431489162427194
conj_neg_facts:415,conjunction,True,L,0.2966444517654914
conj_neg_facts:415,conjunction,True,rho,0.3723674358216893
conj_neg_facts:416,conjunction,True,L,0.30694347804914496
conj_neg_facts:416,conjunction,True,rho,0.3803779154287322
conj_neg_facts:417,conjunction,True,L,0.10494661185517956
conj_neg_facts:417,conjunction,True,rho,0.17348078292949115
conj_neg_facts:418,conjunction,True,L,0.3082665720464003
conj_neg_facts:418,conjunction,True,rho,0.38139220735792545
conj_neg_facts:419,conjunction,True,L,0.3435475724087104
conj_neg_facts:419,conjunction,True,rho,0.4072652019230243
conj_neg_facts:420,conjunction,True,L,0.15439058206446904
conj_neg_facts:420,conjunction,True,rho,0.23593032402361014
conj_neg_facts:421,conjunction,True,L,0.12294493955528768
conj_neg_facts:421,conjunction,True,rho,0.1973608448333433
conj_neg_facts:422,conjunction,True,L,0.40400502128385474
conj_neg_facts:422,conjunction,True,rho,0.4469057270390962
conj_neg_facts:423,conjunction,True,L,0.21337652083890818
conj_neg_facts:423,conjunction,True,rho,0.2991078548365792
conj_neg_facts:424,conjunction,True,L,0.2950952696444318
conj_neg_facts:424,conjunction,True,rho,0.3711445419319361
conj_neg_facts:425,conjunction,True,L,0.24442020416080917
conj_neg_facts:425,conjunction,True,rho,0.3283363385285151
conj_neg_facts:426,conjunction,True,L,0.2765549968987439
conj_neg_facts:426,conjunction,True,rho,0.3561305998972334
conj_neg_facts:427,conjunction,True,L,0.25577924941716645
conj_neg_facts:427,conjunction,True,rho,0.3384311617637233
conj_neg_facts:428,conjunction,True,L,0.06687848393448108
conj_neg_facts:428,conjunction,True,rho,0.1179767548598818
conj_neg_facts:429,conjunction,True,L,0.34438133685747246
conj_neg_facts:429,conjunction,True,rho,0.407850483928451
conj_neg_facts:430,conjunction,True,L,0.11640668144831312
conj_neg_facts:430,conjunction,True,rho,0.18884720907762262
conj_neg_facts:431,conjunction,True,L,0.21137427302206246
conj_neg_facts:431,conjunction,True,rho,0.29713511021997124
conj_neg_facts:432,conjunction,True,L,0.205197852950124
conj_neg_facts:432,conjunction,True,rho,0.290979123222936
conj_neg_facts:433,conjunction,True,L,0.1913269284646718
conj_neg_facts:433,conjunction,True,rho,0.27675318374994995
conj_neg_facts:434,conjunction,True,L,0.24643215632464677
conj_neg_facts:434,conjunction,True,rho,0.33014675779517955
conj_neg_facts:435,conjunction,True,L,0.16253838860610464
conj_neg_facts:435,conjunction,True,rho,0.24532674845915636
conj_neg_facts:436,conjunction,True,L,0.26795518787270495
conj_neg_facts:436,conjunction,True,rho,0.34892034340566347
conj_neg_facts:437,conjunction,True,L,0.2632927660369552
conj_neg_facts:437,conjunction,True,rho,0.34494335299937545
conj_neg_facts:438,conjunction,True,L,0.3809201869226681
conj_neg_facts:438,conjunction,True,rho,0.43241169015928954
conj_neg_facts:439,conjunction,True,L,0.21878954506608295
conj_neg_facts:439,conjunction,True,rho,0.3043860982229064
conj_neg_facts:440,conjunction,True,L,0.3983519621357446
conj_neg_facts:440,conjunction,True,rho,0.44342527085787353
conj_neg_facts:441,conjunction,True,L,0.2667332010889351
conj_neg_facts:441,conjunction,True,rho,0.3478826803249337
conj_neg_facts:442,conjunction,True,L,0.30357581323891614
conj_neg_facts:442,conjunction,True,rho,0.3777811728993119
conj_neg_facts:443,conjunction,True,L,0.24010231281290356
conj_neg_facts:443,conjunction,True,rho,0.3244177307058368
conj_neg_facts:444,conjunction,True,L,0.24346752879080175
conj_neg_facts:444,conjunction,True,rho,0.32747567225536395
conj_neg_facts:445,conjunction,True,L,0.3459867307363735
conj_neg_facts:445,conjunction,True,rho,0.40897418146879877
conj_neg_facts:446,conjunction,True,L,0.12879207957062633
conj_neg_facts:446,conjunction,True,rho,0.2048245894868339
conj_neg_facts:447,conjunction,True,L,0.4023184555393155
conj_neg_facts:447,conjunction,True,rho,0.4458719125930434
conj_neg_facts:448,conjunction,True,L,0.37614137082365134
conj_neg_facts:448,conjunction,True,rho,0.4293158425677864
conj_neg_facts:449,conjunction,True,L,0.07575418644342635
conj_neg_facts:449,conjunction,True,rho,0.1315738352010577
conj_neg_facts:450,conjunction,True,L,0.25424518247784755
conj_neg_facts:450,conjunction,True,rho,0.3370855901824931
conj_neg_facts:451,conjunction,True,L,0.42586945610729865
conj_neg_facts:451,conjunction,True,rho,0.45996706479314375
conj_neg_facts:452,conjunction,True,L,0.4813304787086341
conj_neg_facts:452,conjunction,True,rho,0.49048764830175573
conj_neg_facts:453,conjunction,True,L,0.3783846095307636
conj_neg_facts:453,conjunction,True,rho,0.43077326882229655
conj_neg_facts:454,conjunction,True,L,0.25753796571553533
conj_neg_facts:454,conjunction,True,rho,0.3399670740888569
conj_neg_facts:455,conjunction,True,L,0.3027655021102746
conj_neg_facts:455,conjunction,True,rho,0.3771531055013925
conj_neg_facts:456,conjunction,True,L,0.0918039898103819
conj_neg_facts:456,conjunction,True,rho,0.1551256689563661
conj_neg_facts:457,conjunction,True,L,0.39999490217931033
conj_neg_facts:457,conjunction,True,rho,0.44444129762372525
conj_neg_facts:458,conjunction,True,L,0.421536555787906
conj_neg_facts:458,conjunction,True,rho,0.45742792636966617
conj_neg_facts:459,conjunction,True,L,0.45819054814851534
conj_neg_facts:459,conjunction,True,rho,0.47818312237984817
conj_neg_facts:460,conjunction,True,L,0.11928521306861728
conj_neg_facts:460,conjunction,True,rho,0.1926175703074641
conj_neg_facts:461,conjunction,True,L,0.18532115723557213
conj_neg_facts:461,conjunction,True,rho,0.27041505326220344
conj_neg_facts:462,conjunction,True,L,0.2667943073646199
conj_neg_facts:462,conjunction,True,rho,0.3479346479260649
conj_neg_facts:463,conjunction,True,L,0.253896606781051
conj_neg_facts:463,conjunction,True,rho,0.33677908150445945
conj_neg_facts:464,conjunction,True,L,0.4290040404431194
conj_neg_facts:464,conjunction,True,rho,0.46178920840698584
conj_neg_facts:465,conjunction,True,L,0.25914115400128857
conj_neg_facts:465,conjunction,True,rho,0.3413609611801504
conj_neg_facts:466,conjunction,True,L,0.21799532711174985
conj_neg_facts:466,conjunction,True,rho,0.3036166377136055
conj_neg_facts:467,conjunction,True,L,0.12962826658451798
conj_neg_facts:467,conjunction,True,rho,0.20588063380270327
conj_neg_facts:468,conjunction,True,L,0.48972027304951304
conj_neg_facts:468,conjunction,True,rho,0.4948067513466138
conj_neg_facts:469,conjunction,True,L,0.3797486110243093
conj_neg_facts:469,conjunction,True,rho,0.4316558233404429
conj_neg_facts:470,conjunction,True,L,0.307663158765228
conj_neg_facts:470,conjunction,True,rho,0.3809300392450607
conj_neg_facts:471,conjunction,True,L,0.059453410200263686
conj_neg_facts:471,conjunction,True,rho,0.09379644395367193
conj_neg_facts:472,conjunction,True,L,0.3027779855019273
conj_neg_facts:472,conjunction,True,rho,0.3771627909211027
conj_neg_facts:473,conjunction,True,L,0.21205022159869114
conj_neg_facts:473,conjunction,True,rho,0.2978023391701179
conj_neg_facts:474,conjunction,True,L,0.39070391463514587
conj_neg_facts:474,conjunction,True,rho,0.43864623048747736
conj_neg_facts:475,conjunction,True,L,0.3313335544574806
conj_neg_facts:475,conjunction,True,rho,0.3985566956619538
conj_neg_facts:476,conjunction,True,L,0.37005317305214536
conj_neg_facts:476,conjunction,True,rho,0.4253224797215546
conj_neg_facts:477,conjunction,True,L,0.041024351784332835
conj_neg_facts:477,conjunction,True,rho,0.07582718162136678
conj_neg_facts:478,conjunction,True,L,0.246725787424245
conj_neg_facts:478,conjunction,True,rho,0.33041016070343654
conj_neg_facts:479,conjunction,True,L,0.41455537414245475
conj_neg_facts:479,conjunction,True,rho,0.45328624801004336
conj_neg_facts:480,conjunction,True,L,0.3972662443825628
conj_neg_facts:480,conjunction,True,rho,0.4427517995574817
conj_neg_facts:481,conjunction,True,L,0.38202385938300304
conj_neg_facts:481,conjunction,True,rho,0.43312191084064094
conj_neg_facts:482,conjunction,True,L,0.34474870983461153
conj_neg_facts:482,conjunction,True,rho,0.40810800397920444
conj_neg_facts:483,conjunction,True,L,0.42822871707813065
conj_neg_facts:483,conjunction,True,rho,0.461339656056004
conj_neg_facts:484,conjunction,True,L,0.27697731852926855
conj_neg_facts:484,conjunction,True,rho,0.35648057147093526
conj_neg_facts:485,conjunction,True,L,0.12318432892629766
conj_neg_facts:485,conjunction,True,rho,0.19766916979208304
conj_neg_facts:486,conjunction,True,L,0.29119229741644237
conj_neg_facts:486,conjunction,True,rho,0.3680423815642556
conj_neg_facts:487,conjunction,True,L,0.038566314081745524
conj_neg_facts:487,conjunction,True,rho,0.07160922076513673
conj_neg_facts:488,conjunction,True,L,0.08794197564712963
conj_neg_facts:488,conjunction,True,rho,0.14957594335790383
conj_neg_facts:489,conjunction,True,L,0.13558678564584775
conj_neg_facts:489,conjunction,True,rho,0.21332536910450697
conj_neg_facts:490,conjunction,True,L,0.304754118935024
conj_neg_facts:490,conjunction,True,rho,0.3786922138880409
conj_neg_facts:492,conjunction,True,L,0.48352006593505775
conj_neg_facts:492,conjunction,True,rho,0.49162196347805337
conj_neg_facts:493,conjunction,True,L,0.3869630417019086
conj_neg_facts:493,conjunction,True,rho,0.4362786536848278
conj_neg_facts:494,conjunction,True,L,0.16239021787610952
conj_neg_facts:494,conjunction,True,rho,0.2451579348451101
conj_neg_facts:495,conjunction,True,L,0.3493010781238142
conj_neg_facts:495,conjunction,True,rho,0.41128062488211276
conj_neg_facts:496,conjunction,True,L,0.08187849054076707
conj_neg_facts:496,conjunction,True,rho,0.14071406981322424
conj_neg_facts:498,conjunction,True,L,0.08466286640254904
conj_neg_facts:498,conjunction,True,rho,0.11268406561458755
conj_neg_facts:499,conjunction,True,L,0.1115533215948395
conj_neg_facts:499,conjunction,True,rho,0.18240980410984467
conj_neg_facts:500,conjunction,True,L,0.15611352233221765
conj_neg_facts:500,conjunction,True,rho,0.2379367548732978
conj_neg_facts:501,conjunction,True,L,0.3972196486473896
conj_neg_facts:501,conjunction,True,rho,0.442722859721386
conj_neg_facts:502,conjunction,True,L,0.2622376642434133
conj_neg_facts:502,conjunction,True,rho,0.34403661291613924
conj_neg_facts:503,conjunction,True,L,0.23818528144583767
conj_neg_facts:503,conjunction,True,rho,0.3226632763245009
conj_neg_facts:504,conjunction,True,L,0.28448594615073963
conj_neg_facts:504,conjunction,True,rho,0.36263995237471774
conj_neg_facts:505,conjunction,True,L,0.31922591412257023
conj_neg_facts:505,conjunction,True,rho,0.38966774441513646
conj_neg_facts:506,conjunction,True,L,0.3391981888704465
conj_neg_facts:506,conjunction,True,rho,0.40419318507706076
conj_neg_facts:507,conjunction,True,L,0.29936870509254665
conj_neg_facts:507,conjunction,True,rho,0.37450641135355345
conj_neg_facts:508,conjunction,True,L,0.08480565859717393
conj_neg_facts:508,conjunction,True,rho,0.14501511288485974
conj_neg_facts:509,conjunction,True,L,0.3118381126799913
conj_neg_facts:509,conjunction,True,rho,0.384113664792812
conj_neg_facts:510,conjunction,True,L,0.24413767322272312
conj_neg_facts:510,conjunction,True,rho,0.3280813242063231
conj_neg_facts:511,conjunction,True,L,0.29883291645777726
conj_neg_facts:511,conjunction,True,rho,0.3740868838791423
conj_neg_facts:512,conjunction,True,L,0.011829997202252529
conj_neg_facts:512,conjunction,True,rho,0.02311313769595367
conj_neg_facts:513,conjunction,True,L,0.316851435757143
conj_neg_facts:513,conjunction,True,rho,0.3878935898098191
conj_neg_facts:515,conjunction,True,L,0.1987975670754517
conj_neg_facts:515,conjunction,True,rho,0.28448520206995365
conj_neg_facts:516,conjunction,True,L,0.3943885690665285
conj_neg_facts:516,conjunction,True,rho,0.4409588658743157
conj_neg_facts:517,conjunction,True,L,0.21616636835172853
conj_neg_facts:517,conjunction,True,rho,0.30183820115602444
conj_neg_facts:518,conjunction,True,L,0.2563719332498628
conj_neg_facts:518,conjunction,True,rho,0.33894955904606777
conj_neg_facts:519,conjunction,True,L,0.20514967233929582
conj_neg_facts:519,conjunction,True,rho,0.29093067810515016
conj_neg_facts:520,conjunction,True,L,0.26140914529498555
conj_neg_facts:520,conjunction,True,rho,0.3433228336044089
conj_neg_facts:521,conjunction,True,L,0.28660176861081366
conj_neg_facts:521,conjunction,True,rho,0.36435434046502296
conj_neg_facts:522,conjunction,True,L,0.2892517381584974
conj_neg_facts:522,conjunction,True,rho,0.3664885665420087
conj_neg_facts:523,conjunction,True,L,0.22018758526666599
conj_neg_facts:523,conjunction,True,rho,0.30573643557759533
conj_neg_facts:524,conjunction,True,L,0.15303422850540754
conj_neg_facts:524,conjunction,True,rho,0.23434334959080982
conj_neg_facts:525,conjunction,True,L,0.4748577827503605
conj_neg_facts:525,conjunction,True,rho,0.4871046742947952
conj_neg_facts:526,conjunction,True,L,0.2412288344645548
conj_neg_facts:526,conjunction,True,rho,0.3254444825244992
conj_neg_facts:527,conjunction,True,L,0.18630281088797573
conj_neg_facts:527,conjunction,True,rho,0.27145861554453943
conj_neg_facts:528,conjunction,True,L,0.24314657569772752
conj_neg_facts:528,conjunction,True,rho,0.3271852197790743
conj_neg_facts:529,conjunction,True,L,0.3977502355365605
conj_neg_facts:529,conjunction,True,rho,0.4430522207536222
conj_neg_facts:530,conjunction,True,L,0.30281950685287096
conj_neg_facts:530,conjunction,True,rho,0.3771950036938593
conj_neg_facts:531,conjunction,True,L,0.3992087124787945
conj_neg_facts:531,conjunction,True,rho,0.44395556553085425
conj_neg_facts:532,conjunction,True,L,0.21981686831424657
conj_neg_facts:532,conjunction,True,rho,0.30537887897659305
conj_neg_facts:533,conjunction,True,L,0.3212029667459346
conj_neg_facts:533,conjunction,True,rho,0.3911371241371914
conj_neg_facts:534,conjunction,True,L,0.15412225799822177
conj_neg_facts:534,conjunction,True,rho,0.2356168990027561
conj_neg_facts:535,conjunction,True,L,0.3925397906460265
conj_neg_facts:535,conjunction,True,rho,0.43980088592117944
conj_neg_facts:536,conjunction,True,L,0.22062024271784725
conj_neg_facts:536,conjunction,True,rho,0.3061532685867516
conj_neg_facts:537,conjunction,True,L,0.37488380981947095
conj_neg_facts:537,conjunction,True,rho,0.42849553919260075
conj_neg_facts:538,conjunction,True,L,0.19281889421899845
conj_neg_facts:538,conjunction,True,rho,0.2783106751676561
conj_neg_facts:539,conjunction,True,L,0.2048970285589578
conj_neg_facts:539,conjunction,True,rho,0.2906765389234723
conj_neg_facts:540,conjunction,True,L,0.22907172738178216
conj_neg_facts:540,conjunction,True,rho,0.31419642098098755
conj_neg_facts:541,conjunction,True,L,0.3137242656829034
conj_neg_facts:541,conjunction,True,rho,0.3855412440227722
conj_neg_facts:542,conjunction,True,L,0.3305721888311092
conj_neg_facts:542,conjunction,True,rho,0.39800536699444994
conj_neg_facts:543,conjunction,True,L,0.24797179774098832
conj_neg_facts:543,conjunction,True,rho,0.33152559827778066
conj_neg_facts:544,conjunction,True,L,0.3442567013524404
conj_neg_facts:544,conjunction,True,rho,0.40776306637657145
conj_neg_facts:545,conjunction,True,L,0.15649045875928214
conj_neg_facts:545,conjunction,True,rho,0.2383743079146
conj_neg_facts:546,conjunction,True,L,0.3965729648590588
conj_neg_facts:546,conjunction,True,rho,0.4423209046030069
conj_neg_facts:547,conjunction,True,L,0.2714320409486591
conj_neg_facts:547,conjunction,True,rho,0.35185476690191514
conj_neg_facts:548,conjunction,True,L,0.39303695992012977
conj_neg_facts:548,conjunction,True,rho,0.44011275855288423
conj_neg_facts:549,conjunction,True,L,0.17455221394085413
conj_neg_facts:549,conjunction,True,rho,0.2587675354604338
conj_neg_facts:550,conjunction,True,L,0.19036592407557956
conj_neg_facts:550,conjunction,True,rho,0.2757464084434428
conj_neg_facts:551,conjunction,True,L,0.21817258189630634
conj_neg_facts:551,conjunction,True,rho,0.3037885146216948
conj_neg_facts:552,conjunction,True,L,0.3841093647594813
conj_neg_facts:552,conjunction,True,rho,0.43445910661061443
conj_neg_facts:553,conjunction,True,L,0.09838642264077627
conj_neg_facts:553,conjunction,True,rho,0.16441954382350632
conj_neg_facts:554,conjunction,True,L,0.27756966362949737
conj_neg_facts:554,conjunction,True,rho,0.3569707983897839
conj_neg_facts:555,conjunction,True,L,0.3379300531356668
conj_neg_facts:555,conjunction,True,rho,0.4032914822318154
conj_neg_facts:556,conjunction,True,L,0.2843506861181737
conj_neg_facts:556,conjunction,True,rho,0.36253004064476885
conj_neg_facts:557,conjunction,True,L,0.10509764260099469
conj_neg_facts:557,conjunction,True,rho,0.1736870799053778
conj_neg_facts:558,conjunction,True,L,0.3348910046298302
conj_neg_facts:558,conjunction,True,rho,0.4011194308870444
conj_neg_facts:559,conjunction,True,L,0.3493674694791827
conj_neg_facts:559,conjunction,True,rho,0.41132664251128975
conj_neg_facts:560,conjunction,True,L,0.17878172503484147
conj_neg_facts:560,conjunction,True,rho,0.2633861791515745
neg_companies:pair:0,negation_pair,True,L,0.01590372197075335
neg_companies:pair:1,negation_pair,True,L,0.3576747870924547
neg_companies:pair:2,negation_pair,True,L,0.20079087459065265
neg_companies:pair:3,negation_pair,True,L,0.14388823558947128
neg_companies:pair:4,negation_pair,True,L,0.22170002873597683
neg_companies:pair:5,negation_pair,True,L,0.21122555950488336
neg_companies:pair:6,negation_pair,True,L,0.38609795426151666
neg_companies:pair:7,negation_pair,True,L,0.15917637951252628
neg_companies:pair:8,negation_pair,True,L,0.4080496521056597
neg_companies:pair:9,negation_pair,True,L,0.026100719729035382
neg_companies:pair:10,negation_pair,True,L,0.01156570804469026
neg_companies:pair:11,negation_pair,True,L,0.08415188778897581
neg_companies:pair:12,negation_pair,True,L,0.20852899319943474
neg_companies:pair:13,negation_pair,True,L,0.03245478685282638
neg_companies:pair:14,negation_pair,True,L,0.15634847049147726
neg_companies:pair:15,negation_pair,True,L,0.14859542795284553
neg_companies:pair:16,negation_pair,True,L,0.30838302669154505
neg_companies:pair:17,negation_pair,True,L,0.19143467254759433
neg_companies:pair:18,negation_pair,True,L,0.012801704473260123
neg_companies:pair:19,negation_pair,True,L,0.39084244140695185
neg_companies:pair:20,negation_pair,True,L,0.27484419541464317
neg_companies:pair:21,negation_pair,True,L,0.12288224776454332
neg_companies:pair:22,negation_pair,True,L,0.014239156970308309
neg_companies:pair:23,negation_pair,True,L,0.20033250316913176
neg_companies:pair:24,negation_pair,True,L,0.05552927874351554
neg_companies:pair:25,negation_pair,True,L,0.12481536567726226
neg_companies:pair:26,negation_pair,True,L,0.037746551589019794
neg_companies:pair:27,negation_pair,True,L,0.13119606067896472
neg_companies:pair:28,negation_pair,True,L,0.0752595767023383
neg_companies:pair:29,negation_pair,True,L,0.19787509144737947
neg_companies:pair:30,negation_pair,True,L,0.026507445841950694
neg_companies:pair:31,negation_pair,True,L,0.14451762534231588
neg_companies:pair:32,negation_pair,True,L,0.15874695623558754
neg_companies:pair:33,negation_pair,True,L,0.11069570162803305
neg_companies:pair:34,negation_pair,True,L,0.12877557235226483
neg_companies:pair:35,negation_pair,True,L,0.24107106457475252
neg_companies:pair:36,negation_pair,True,L,0.06148551063844637
neg_companies:pair:37,negation_pair,True,L,0.3041338544324532
neg_companies:pair:38,negation_pair,True,L,0.039257080949780865
neg_companies:pair:39,negation_pair,True,L,0.21157590911235813
neg_companies:pair:40,negation_pair,True,L,0.13989378305540906
neg_companies:pair:41,negation_pair,True,L,0.37598871520276794
neg_companies:pair:42,negation_pair,True,L,0.09448740321369997
neg_companies:pair:43,negation_pair,True,L,0.09448537159745479
neg_companies:pair:44,negation_pair,True,L,0.10019352753912797
neg_companies:pair:45,negation_pair,True,L,0.18395333851009676
neg_companies:pair:46,negation_pair,True,L,0.18384334347181336
neg_companies:pair:47,negation_pair,True,L,0.0038065843850041414
neg_companies:pair:48,negation_pair,True,L,0.20374933633811432
neg_companies:pair:49,negation_pair,True,L,0.27843077503643654
neg_companies:pair:50,negation_pair,True,L,0.13741665897526217
neg_companies:pair:51,negation_pair,True,L,0.00138577996448358
neg_companies:pair:52,negation_pair,True,L,0.45734561198414303
neg_companies:pair:53,negation_pair,True,L,0.3319413540191297
neg_companies:pair:54,negation_pair,True,L,0.36564897940478913
neg_companies:pair:55,negation_pair,True,L,0.10858462734707641
neg_companies:pair:56,negation_pair,True,L,0.19912763812153395
neg_companies:pair:57,negation_pair,True,L,0.03220821091635295
neg_companies:pair:58,negation_pair,True,L,0.028021480156707024
neg_companies:pair:59,negation_pair,True,L,0.4716203881134729
neg_companies:pair:60,negation_pair,True,L,0.05604258696243242
neg_companies:pair:61,negation_pair,True,L,0.38806026005152666
neg_companies:pair:62,negation_pair,True,L,0.3790086502388432
neg_companies:pair:63,negation_pair,True,L,0.057902270363131114
neg_companies:pair:64,negation_pair,True,L,0.1640862216847162
neg_companies:pair:65,negation_pair,True,L,0.12757304389549146
neg_companies:pair:66,negation_pair,True,L,0.37548225732326007
neg_companies:pair:67,negation_pair,True,L,0.06336328560551718
neg_companies:pair:68,negation_pair,True,L,0.06633888980810715
neg_companies:pair:69,negation_pair,True,L,0.046528564377485204
neg_companies:pair:70,negation_pair,True,L,0.277562043586342
neg_companies:pair:71,negation_pair,True,L,0.15819720423407396
neg_companies:pair:72,negation_pair,True,L,0.05157665511874465
neg_companies:pair:73,negation_pair,True,L,0.09833529065802771
neg_companies:pair:74,negation_pair,True,L,0.07618750754185816
neg_companies:pair:75,negation_pair,True,L,0.30378589217279095
neg_companies:pair:76,negation_pair,True,L,0.2727775374638705
neg_companies:pair:77,negation_pair,True,L,0.05979864968938309
neg_companies:pair:78,negation_pair,True,L,0.07284177798325725
neg_companies:pair:79,negation_pair,True,L,0.03402163825015614
neg_companies:pair:80,negation_pair,True,L,0.03488862675897014
neg_companies:pair:81,negation_pair,True,L,0.0773258358394815
neg_companies:pair:82,negation_pair,True,L,0.32255663730501516
neg_companies:pair:83,negation_pair,True,L,0.4684681106216717
neg_companies:pair:84,negation_pair,True,L,0.2923406059561391
neg_companies:pair:85,negation_pair,True,L,0.08802276314898971
neg_companies:pair:86,negation_pair,True,L,0.3385155733389149
neg_companies:pair:87,negation_pair,True,L,0.020977456303311215
neg_companies:pair:88,negation_pair,True,L,0.09710302726106307
neg_companies:pair:89,negation_pair,True,L,0.05678777592190537
neg_companies:pair:90,negation_pair,True,L,0.06276941575499878
neg_companies:pair:91,negation_pair,True,L,0.15493046573914232
neg_companies:pair:92,negation_pair,True,L,0.2523954587964835
neg_companies:pair:93,negation_pair,True,L,0.09947568368144061
neg_companies:pair:94,negation_pair,True,L,0.03268251686797069
neg_companies:pair:95,negation_pair,True,L,0.19430300958368618
neg_companies:pair:96,negation_pair,True,L,0.10698028668733861
neg_companies:pair:97,negation_pair,True,L,0.16073047355393139
neg_companies:pair:98,negation_pair,True,L,0.2221990579542159
neg_companies:pair:99,negation_pair,True,L,0.1082252902571193
neg_companies:pair:100,negation_pair,True,L,0.20006866448545957
neg_companies:pair:101,negation_pair,True,L,0.025985356821693062
neg_companies:pair:102,negation_pair,True,L,0.09243201444264199
neg_companies:pair:103,negation_pair,True,L,0.2515296370631474
neg_companies:pair:104,negation_pair,True,L,0.29732702760362884
neg_companies:pair:105,negation_pair,True,L,0.08593447276673849
neg_companies:pair:106,negation_pair,True,L,0.07902920422030763
neg_companies:pair:107,negation_pair,True,L,0.16178600427174344
neg_companies:pair:108,negation_pair,True,L,0.3097368512723121
neg_companies:pair:109,negation_pair,True,L,0.12671486508891594
neg_companies:pair:110,negation_pair,True,L,0.07089349739294137
neg_companies:pair:111,negation_pair,True,L,0.15377487112303545
neg_companies:pair:112,negation_pair,True,L,0.10343034983089877
neg_companies:pair:113,negation_pair,True,L,0.21948392187429855
neg_companies:pair:114,negation_pair,True,L,0.3354792009062319
neg_companies:pair:115,negation_pair,True,L,0.38501692771722984
neg_companies:pair:116,negation_pair,True,L,0.02581864256531008
neg_companies:pair:117,negation_pair,True,L,0.004047515759083686
neg_companies:pair:118,negation_pair,True,L,0.18122521675949954
neg_companies:pair:119,negation_pair,True,L,0.16242133472057368
neg_companies:pair:120,negation_pair,True,L,0.21413073373422659
neg_companies:pair:121,negation_pair,True,L,0.14248978062818096
neg_companies:pair:122,negation_pair,True,L,0.17496846066768756
neg_companies:pair:123,negation_pair,True,L,0.27887364418160626
neg_companies:pair:124,negation_pair,True,L,0.23992451046980928
neg_companies:pair:125,negation_pair,True,L,0.019026346406785632
neg_companies:pair:126,negation_pair,True,L,0.3331864039296033
neg_companies:pair:127,negation_pair,True,L,0.21967146977458812
neg_companies:pair:128,negation_pair,True,L,0.11931049625147216
neg_companies:pair:129,negation_pair,True,L,0.058087329810017574
neg_companies:pair:130,negation_pair,True,L,0.14315300384670737
neg_companies:pair:131,negation_pair,True,L,0.008496816440964061
neg_companies:pair:132,negation_pair,True,L,0.41990935301669086
neg_companies:pair:133,negation_pair,True,L,0.14124236950434182
neg_companies:pair:134,negation_pair,True,L,0.40374714070512363
neg_companies:pair:135,negation_pair,True,L,0.14594114880163284
neg_companies:pair:136,negation_pair,True,L,0.26930680852559546
neg_companies:pair:137,negation_pair,True,L,0.33154930283409884
neg_companies:pair:138,negation_pair,True,L,0.07825155921860888
neg_companies:pair:139,negation_pair,True,L,0.3141929269434501
neg_companies:pair:140,negation_pair,True,L,0.061665658505314525
neg_companies:pair:141,negation_pair,True,L,0.1000702223787287
neg_companies:pair:142,negation_pair,True,L,0.1398039789294766
neg_companies:pair:143,negation_pair,True,L,0.32662679758402485
neg_companies:pair:144,negation_pair,True,L,0.050259987279147655
neg_companies:pair:145,negation_pair,True,L,0.13527106605986344
neg_companies:pair:146,negation_pair,True,L,0.15256033014673775
neg_companies:pair:147,negation_pair,True,L,0.033346341107498734
neg_companies:pair:148,negation_pair,True,L,0.3141891408573225
neg_companies:pair:149,negation_pair,True,L,0.0983151338769887
neg_companies:pair:150,negation_pair,True,L,0.0050559359340928145
neg_companies:pair:151,negation_pair,True,L,0.03938614274098129
neg_companies:pair:152,negation_pair,True,L,0.06962557727182561
neg_companies:pair:153,negation_pair,True,L,0.15822472692813272
neg_companies:pair:154,negation_pair,True,L,0.3174468640807307
neg_companies:pair:155,negation_pair,True,L,0.17168944140718628
neg_companies:pair:156,negation_pair,True,L,0.23118876222716767
neg_companies:pair:157,negation_pair,True,L,0.11383035592881097
neg_companies:pair:158,negation_pair,True,L,0.3065980187530437
neg_companies:pair:159,negation_pair,True,L,0.019906572672991008
neg_companies:pair:160,negation_pair,True,L,0.021648832613724023
neg_companies:pair:161,negation_pair,True,L,0.26136008545889866
neg_companies:pair:162,negation_pair,True,L,0.31975327870239784
neg_companies:pair:163,negation_pair,True,L,0.09349064019718789
neg_companies:pair:164,negation_pair,True,L,0.2549300040144323
neg_companies:pair:165,negation_pair,True,L,0.07668642104782047
neg_companies:pair:166,negation_pair,True,L,0.4277105353018634
neg_companies:pair:167,negation_pair,True,L,0.15161259457509818
neg_companies:pair:168,negation_pair,True,L,0.14935503305876358
neg_companies:pair:169,negation_pair,True,L,0.4579218679728813
neg_companies:pair:170,negation_pair,True,L,0.28223293478770056
neg_companies:pair:171,negation_pair,True,L,0.008367299879020518
neg_companies:pair:172,negation_pair,True,L,0.06554603191367342
neg_companies:pair:173,negation_pair,True,L,0.1424375803748465
neg_companies:pair:174,negation_pair,True,L,0.4689980791752895
neg_companies:pair:175,negation_pair,True,L,0.16250100949781632
neg_companies:pair:176,negation_pair,True,L,0.2362340045824866
neg_companies:pair:177,negation_pair,True,L,0.105054772541263
neg_companies:pair:178,negation_pair,True,L,0.11888676353375133
neg_companies:pair:179,negation_pair,True,L,0.0468395322467543
neg_companies:pair:180,negation_pair,True,L,0.1412220672149636
neg_companies:pair:181,negation_pair,True,L,0.10150637445760152
neg_companies:pair:182,negation_pair,True,L,0.04177684119200309
neg_companies:pair:183,negation_pair,True,L,0.1058483763020448
neg_companies:pair:184,negation_pair,True,L,0.19240045805146289
neg_companies:pair:185,negation_pair,True,L,0.27177586501872353
neg_companies:pair:186,negation_pair,True,L,0.09426923735758908
neg_companies:pair:187,negation_pair,True,L,0.1268387893925576
neg_companies:pair:188,negation_pair,True,L,0.057192686865179476
neg_companies:pair:189,negation_pair,True,L,0.23522301346955743
neg_companies:pair:190,negation_pair,True,L,0.029916098102459043
neg_companies:pair:191,negation_pair,True,L,0.263279823086482
neg_companies:pair:192,negation_pair,True,L,0.13383807596819886
neg_companies:pair:193,negation_pair,True,L,0.29092928646028154
neg_companies:pair:194,negation_pair,True,L,0.30624449193025344
neg_companies:pair:195,negation_pair,True,L,0.2943015866445355
neg_companies:pair:196,negation_pair,True,L,0.3882467487549883
neg_companies:pair:197,negation_pair,True,L,0.09855352601988243
neg_companies:pair:198,negation_pair,True,L,0.24146601436812737
neg_companies:pair:199,negation_pair,True,L,0.4446365020478712
neg_companies:pair:200,negation_pair,True,L,0.27234214429485404
neg_companies:pair:201,negation_pair,True,L,0.3983885225607803
neg_companies:pair:202,negation_pair,True,L,0.41300032270168535
neg_companies:pair:203,negation_pair,True,L,0.21397739601015586
neg_companies:pair:204,negation_pair,True,L,0.31952240161615497
neg_companies:pair:205,negation_pair,True,L,0.13339342746904265
neg_companies:pair:206,negation_pair,True,L,0.16147506183861754
neg_companies:pair:207,negation_pair,True,L,0.4044530539001229
neg_companies:pair:208,negation_pair,True,L,0.030813643754264763
neg_companies:pair:209,negation_pair,True,L,0.16471262079472898
neg_companies:pair:210,negation_pair,True,L,0.17566834738012566
neg_companies:pair:211,negation_pair,True,L,0.100363552082884
neg_companies:pair:212,negation_pair,True,L,0.12443549423764577
neg_companies:pair:213,negation_pair,True,L,0.39352289864946793
neg_companies:pair:214,negation_pair,True,L,0.11392230506834622
neg_companies:pair:215,negation_pair,True,L,0.21176265684880397
neg_companies:pair:216,negation_pair,True,L,0.19665230645440518
neg_companies:pair:217,negation_pair,True,L,0.3476708547734603
neg_companies:pair:218,negation_pair,True,L,0.021039674573085976
neg_companies:pair:219,negation_pair,True,L,0.2862728248368932
neg_companies:pair:220,negation_pair,True,L,0.14204368861970257
neg_companies:pair:221,negation_pair,True,L,0.19984852401594955
neg_companies:pair:222,negation_pair,True,L,0.08598122200231995
neg_companies:pair:223,negation_pair,True,L,0.2791005677104463
neg_companies:pair:224,negation_pair,True,L,0.2759253674684838
neg_companies:pair:225,negation_pair,True,L,0.12943289429135718
neg_companies:pair:226,negation_pair,True,L,0.20282085663362603
neg_companies:pair:227,negation_pair,True,L,0.004207473015169327
neg_companies:pair:228,negation_pair,True,L,0.138733418370312
neg_companies:pair:229,negation_pair,True,L,0.19258711862069422
neg_companies:pair:230,negation_pair,True,L,0.47820580632705184
neg_companies:pair:231,negation_pair,True,L,0.1257215780589505
neg_companies:pair:232,negation_pair,True,L,0.07509217027890858
neg_companies:pair:233,negation_pair,True,L,0.015012091165516384
neg_companies:pair:234,negation_pair,True,L,0.029369761756928736
neg_companies:pair:235,negation_pair,True,L,0.3626132203883497
neg_companies:pair:236,negation_pair,True,L,0.1065563319227314
neg_companies:pair:237,negation_pair,True,L,0.09499736749538717
neg_companies:pair:238,negation_pair,True,L,0.11886730210634833
neg_companies:pair:239,negation_pair,True,L,0.1768692818467813
neg_companies:pair:240,negation_pair,True,L,0.2503184506037542
neg_companies:pair:241,negation_pair,True,L,0.046794363360808944
neg_companies:pair:242,negation_pair,True,L,0.09220035699584084
neg_companies:pair:243,negation_pair,True,L,0.0039035499279896912
neg_companies:pair:244,negation_pair,True,L,0.1639151242066177
neg_companies:pair:245,negation_pair,True,L,0.09018759226528744
neg_companies:pair:246,negation_pair,True,L,0.06025173097580244
neg_companies:pair:247,negation_pair,True,L,0.410650045844033
neg_companies:pair:248,negation_pair,True,L,0.1874806397000509
neg_companies:pair:249,negation_pair,True,L,0.20481311686284503
neg_companies:pair:250,negation_pair,True,L,0.22311782237976163
neg_companies:pair:251,negation_pair,True,L,0.27528264551045495
neg_companies:pair:252,negation_pair,True,L,0.05491568739955749
neg_companies:pair:253,negation_pair,True,L,0.26063717983548157
neg_companies:pair:254,negation_pair,True,L,0.12174732172576869
neg_companies:pair:255,negation_pair,True,L,0.014597192962688021
neg_companies:pair:306,negation_pair,True,L,0.3622112931206989
neg_companies:pair:307,negation_pair,True,L,0.2876277366022717
neg_companies:pair:308,negation_pair,True,L,0.24880079503372554
neg_companies:pair:309,negation_pair,True,L,0.3917910610559425
neg_companies:pair:310,negation_pair,True,L,0.02446717495908879
neg_companies:pair:311,negation_pair,True,L,0.021770129332526977
neg_companies:pair:312,negation_pair,True,L,0.38688910115816527
neg_companies:pair:313,negation_pair,True,L,0.046953670776823775
neg_companies:pair:314,negation_pair,True,L,0.2294305561564114
neg_companies:pair:315,negation_pair,True,L,0.19244762704929108
neg_companies:pair:316,negation_pair,True,L,0.062002938136201724
neg_companies:pair:317,negation_pair,True,L,0.44057669739451627
neg_companies:pair:318,negation_pair,True,L,0.019602026671722617
neg_companies:pair:319,negation_pair,True,L,0.06556964213842065
neg_companies:pair:320,negation_pair,True,L,0.1737086568982456
neg_companies:pair:321,negation_pair,True,L,0.13850457305817399
neg_companies:pair:322,negation_pair,True,L,0.02671418982221624
neg_companies:pair:323,negation_pair,True,L,0.34294063818367654
neg_companies:pair:324,negation_pair,True,L,0.0785446648815677
neg_companies:pair:325,negation_pair,True,L,0.33582987761146027
neg_companies:pair:326,negation_pair,True,L,0.056229021963651815
neg_companies:pair:327,negation_pair,True,L,0.35519225553429234
neg_companies:pair:328,negation_pair,True,L,0.2591519313885936
neg_companies:pair:329,negation_pair,True,L,0.007055274927114774
neg_companies:pair:330,negation_pair,True,L,0.32654836220797884
neg_companies:pair:331,negation_pair,True,L,0.10457906143496654
neg_companies:pair:332,negation_pair,True,L,0.00036309561445035943
neg_companies:pair:333,negation_pair,True,L,0.1291540287885421
neg_companies:pair:334,negation_pair,True,L,0.15914430389474304
neg_companies:pair:335,negation_pair,True,L,0.21523521210270774
neg_companies:pair:336,negation_pair,True,L,0.09620484502807425
neg_companies:pair:337,negation_pair,True,L,0.15741035632896344
neg_companies:pair:338,negation_pair,True,L,0.05693805913535155
neg_companies:pair:339,negation_pair,True,L,0.1772305362756787
neg_companies:pair:340,negation_pair,True,L,0.02017888328119466
neg_companies:pair:341,negation_pair,True,L,0.3052448587813587
neg_companies:pair:342,negation_pair,True,L,0.20641110740184987
neg_companies:pair:343,negation_pair,True,L,0.04814399648560508
neg_companies:pair:344,negation_pair,True,L,0.01529886485084997
neg_companies:pair:345,negation_pair,True,L,0.17834850382960116
neg_companies:pair:346,negation_pair,True,L,0.20040937332522518
neg_companies:pair:347,negation_pair,True,L,0.18644057214331605
neg_companies:pair:348,negation_pair,True,L,0.34117603563645893
neg_companies:pair:349,negation_pair,True,L,0.05071277849998895
neg_companies:pair:350,negation_pair,True,L,0.1932904425770245
neg_companies:pair:351,negation_pair,True,L,0.0590789816520797
neg_companies:pair:352,negation_pair,True,L,0.035302120503316825
neg_companies:pair:353,negation_pair,True,L,0.20308300658580036
neg_companies:pair:354,negation_pair,True,L,0.19057321227575896
neg_companies:pair:355,negation_pair,True,L,0.10089587955677931
neg_companies:pair:356,negation_pair,True,L,0.06809985163807408
neg_companies:pair:357,negation_pair,True,L,0.17212451329741013
neg_companies:pair:358,negation_pair,True,L,0.06960306132907385
neg_companies:pair:359,negation_pair,True,L,0.032454141108982704
neg_companies:pair:360,negation_pair,True,L,0.06870305970324064
neg_companies:pair:361,negation_pair,True,L,0.26661122371333645
neg_companies:pair:362,negation_pair,True,L,0.18805814322929892
neg_companies:pair:363,negation_pair,True,L,0.022307867994753705
neg_companies:pair:364,negation_pair,True,L,0.40950733512096843
neg_companies:pair:365,negation_pair,True,L,0.08986922390877339
neg_companies:pair:366,negation_pair,True,L,0.3278633205471153
neg_companies:pair:367,negation_pair,True,L,0.29394059808162826
neg_companies:pair:368,negation_pair,True,L,0.3732327943755459
neg_companies:pair:369,negation_pair,True,L,0.23312657712257473
neg_companies:pair:370,negation_pair,True,L,0.14957520890647824
neg_companies:pair:371,negation_pair,True,L,0.16266087607991547
neg_companies:pair:372,negation_pair,True,L,0.051533374445223434
neg_companies:pair:373,negation_pair,True,L,0.1579483194824235
neg_companies:pair:374,negation_pair,True,L,0.06916267992274883
neg_companies:pair:375,negation_pair,True,L,0.07368073332656266
neg_companies:pair:376,negation_pair,True,L,0.0728288433346127
neg_companies:pair:377,negation_pair,True,L,0.4139883611826356
neg_companies:pair:378,negation_pair,True,L,0.19760877434727986
neg_companies:pair:379,negation_pair,True,L,0.2962041731839339
neg_companies:pair:380,negation_pair,True,L,0.2671808534498448
neg_companies:pair:381,negation_pair,True,L,0.3182167868478258
neg_companies:pair:382,negation_pair,True,L,0.14928422082856685
neg_companies:pair:383,negation_pair,True,L,0.06746725945838078
neg_companies:pair:384,negation_pair,True,L,0.3768867232163097
neg_companies:pair:385,negation_pair,True,L,0.023785037453875446
neg_companies:pair:386,negation_pair,True,L,0.0769928547827114
neg_companies:pair:387,negation_pair,True,L,0.11324781063247419
neg_companies:pair:388,negation_pair,True,L,0.1617150029373215
neg_companies:pair:389,negation_pair,True,L,0.22870435695052993
neg_companies:pair:390,negation_pair,True,L,0.17940295972108822
neg_companies:pair:391,negation_pair,True,L,0.10123225274966735
neg_companies:pair:392,negation_pair,True,L,0.08480370129368286
neg_companies:pair:393,negation_pair,True,L,0.11161735913826804
neg_companies:pair:394,negation_pair,True,L,0.42303151177693654
neg_companies:pair:395,negation_pair,True,L,0.4676624652767482
neg_companies:pair:396,negation_pair,True,L,0.1275645483897732
neg_companies:pair:397,negation_pair,True,L,0.0829382336076519
neg_companies:pair:398,negation_pair,True,L,0.06120033312271306
neg_companies:pair:399,negation_pair,True,L,0.04936997111711733
neg_companies:pair:400,negation_pair,True,L,0.009174607829587678
neg_companies:pair:401,negation_pair,True,L,0.0004237393779669141
neg_companies:pair:402,negation_pair,True,L,0.05959826233783189
neg_companies:pair:403,negation_pair,True,L,0.26404101381852063
neg_companies:pair:404,negation_pair,True,L,0.42789063314849907
neg_companies:pair:405,negation_pair,True,L,0.4066401714255643
neg_companies:pair:406,negation_pair,True,L,0.4375624276265976
neg_companies:pair:407,negation_pair,True,L,0.057794779558599685
neg_companies:pair:408,negation_pair,True,L,0.23522106068697157
neg_companies:pair:409,negation_pair,True,L,0.205667365306335
neg_companies:pair:410,negation_pair,True,L,0.01294130935817317
neg_companies:pair:411,negation_pair,True,L,0.17227717156533817
neg_companies:pair:412,negation_pair,True,L,0.2613186370436163
neg_companies:pair:413,negation_pair,True,L,0.3355672300618925
neg_companies:pair:414,negation_pair,True,L,0.31772084354622365
neg_companies:pair:415,negation_pair,True,L,0.18974450671670196
neg_companies:pair:416,negation_pair,True,L,0.2555904873665959
neg_companies:pair:417,negation_pair,True,L,0.2512299558396004
neg_companies:pair:418,negation_pair,True,L,0.444630991345505
neg_companies:pair:419,negation_pair,True,L,0.026341025485880187
neg_companies:pair:420,negation_pair,True,L,0.17556610115388482
neg_companies:pair:421,negation_pair,True,L,0.03038004682745371
neg_companies:pair:422,negation_pair,True,L,0.1571068715029736
neg_companies:pair:423,negation_pair,True,L,0.14174436063300655
neg_companies:pair:424,negation_pair,True,L,0.06363024010183432
neg_companies:pair:425,negation_pair,True,L,0.017392815808477236
neg_companies:pair:426,negation_pair,True,L,0.049224324660487595
neg_companies:pair:427,negation_pair,True,L,0.1132975118680507
neg_companies:pair:428,negation_pair,True,L,0.1735675200459395
neg_companies:pair:429,negation_pair,True,L,0.3607874456371718
neg_companies:pair:430,negation_pair,True,L,0.11043614936439738
neg_companies:pair:431,negation_pair,True,L,0.27892919410750466
neg_companies:pair:432,negation_pair,True,L,0.17083850699243575
neg_companies:pair:433,negation_pair,True,L,0.01921680178036439
neg_companies:pair:434,negation_pair,True,L,0.16244705344886962
neg_companies:pair:435,negation_pair,True,L,0.05684037895718508
neg_companies:pair:436,negation_pair,True,L,0.10625498510809223
neg_companies:pair:437,negation_pair,True,L,0.14730067403304914
neg_companies:pair:438,negation_pair,True,L,0.12012298253973563
neg_companies:pair:439,negation_pair,True,L,0.11501732781247065
neg_companies:pair:440,negation_pair,True,L,0.030555770467552645
neg_companies:pair:441,negation_pair,True,L,0.08446187725380394
neg_companies:pair:442,negation_pair,True,L,0.16324095123863547
neg_companies:pair:443,negation_pair,True,L,0.19721585261111146
neg_companies:pair:444,negation_pair,True,L,0.0021767717676308695
neg_companies:pair:445,negation_pair,True,L,0.16417936109145442
neg_companies:pair:446,negation_pair,True,L,0.396563572989455
neg_companies:pair:447,negation_pair,True,L,0.11437763456498884
neg_companies:pair:448,negation_pair,True,L,0.37095184126792063
neg_companies:pair:449,negation_pair,True,L,0.16564838251019665
neg_companies:pair:450,negation_pair,True,L,0.023331207898454998
neg_companies:pair:451,negation_pair,True,L,0.11241311324663328
neg_companies:pair:452,negation_pair,True,L,0.047829577249258515
neg_companies:pair:453,negation_pair,True,L,0.14024536911307955
neg_companies:pair:454,negation_pair,True,L,0.311323676706072
neg_companies:pair:455,negation_pair,True,L,0.010888673307727803
neg_companies:pair:456,negation_pair,True,L,0.056194934626115356
neg_companies:pair:457,negation_pair,True,L,0.35314867803376093
neg_companies:pair:458,negation_pair,True,L,0.14019339410937476
neg_companies:pair:459,negation_pair,True,L,0.0714819802093073
neg_companies:pair:460,negation_pair,True,L,0.3318376176457484
neg_companies:pair:461,negation_pair,True,L,0.1894285670149542
neg_companies:pair:462,negation_pair,True,L,0.005864363266138706
neg_companies:pair:463,negation_pair,True,L,0.05316224760775895
neg_companies:pair:464,negation_pair,True,L,0.018362444055374072
neg_companies:pair:465,negation_pair,True,L,0.01925914503047199
neg_companies:pair:466,negation_pair,True,L,0.23802574501922047
neg_companies:pair:467,negation_pair,True,L,0.03747981918588372
neg_companies:pair:468,negation_pair,True,L,0.3742073587257063
neg_companies:pair:469,negation_pair,True,L,0.16473167615549372
neg_companies:pair:470,negation_pair,True,L,0.049700082096694576
neg_companies:pair:471,negation_pair,True,L,0.2201045430971118
neg_companies:pair:472,negation_pair,True,L,0.32918706554485105
neg_companies:pair:473,negation_pair,True,L,0.3014641184187067
neg_companies:pair:474,negation_pair,True,L,0.0028595542119528305
neg_companies:pair:475,negation_pair,True,L,0.1606550093164219
neg_companies:pair:476,negation_pair,True,L,0.08795295046915996
neg_companies:pair:477,negation_pair,True,L,0.11324210710300503
neg_companies:pair:478,negation_pair,True,L,0.24508142130080357
neg_companies:pair:479,negation_pair,True,L,0.14599694063606278
neg_companies:pair:480,negation_pair,True,L,0.1641036503571605
neg_companies:pair:481,negation_pair,True,L,0.3326740079529154
neg_companies:pair:482,negation_pair,True,L,0.08059699648255042
neg_companies:pair:483,negation_pair,True,L,0.049257323462438385
neg_companies:pair:484,negation_pair,True,L,0.21096969002168053
neg_companies:pair:485,negation_pair,True,L,0.15073987223382784
neg_companies:pair:486,negation_pair,True,L,0.2964755282699782
neg_companies:pair:487,negation_pair,True,L,0.07893708546947303
neg_companies:pair:488,negation_pair,True,L,0.06629668104772585
neg_companies:pair:489,negation_pair,True,L,0.12168867645426978
neg_companies:pair:490,negation_pair,True,L,0.32632528477468387
neg_companies:pair:491,negation_pair,True,L,0.04855589426553353
neg_companies:pair:492,negation_pair,True,L,0.14733403073376217
neg_companies:pair:493,negation_pair,True,L,0.14641094898773344
neg_companies:pair:494,negation_pair,True,L,0.21113844883836885
neg_companies:pair:495,negation_pair,True,L,0.15467650262587895
neg_companies:pair:496,negation_pair,True,L,0.19740916800851926
neg_companies:pair:497,negation_pair,True,L,0.05637880176686716
neg_companies:pair:498,negation_pair,True,L,0.018396041616336456
neg_companies:pair:499,negation_pair,True,L,0.09391873811620377
neg_companies:pair:500,negation_pair,True,L,0.015716808697690265
neg_companies:pair:501,negation_pair,True,L,0.21995055285422854
neg_companies:pair:502,negation_pair,True,L,0.15635325055753418
neg_companies:pair:503,negation_pair,True,L,0.04584590515173753
neg_companies:pair:504,negation_pair,True,L,0.29016592148374354
neg_companies:pair:505,negation_pair,True,L,0.23476701550992074
neg_companies:pair:506,negation_pair,True,L,0.3818084879171144
neg_companies:pair:507,negation_pair,True,L,0.3635372367270573
neg_companies:pair:508,negation_pair,True,L,0.07122736899738641
neg_companies:pair:509,negation_pair,True,L,0.08862409712183345
neg_companies:pair:510,negation_pair,True,L,0.2281203092007592
neg_companies:pair:511,negation_pair,True,L,0.13735319999094986
neg_companies:pair:512,negation_pair,True,L,0.12033438014079356
neg_companies:pair:513,negation_pair,True,L,0.1702302786779965
neg_companies:pair:514,negation_pair,True,L,0.17548078944614104
neg_companies:pair:515,negation_pair,True,L,0.23147345195732388
neg_companies:pair:516,negation_pair,True,L,0.34345595469240564
neg_companies:pair:517,negation_pair,True,L,0.2992423057073658
neg_companies:pair:518,negation_pair,True,L,0.19766254812919548
neg_companies:pair:519,negation_pair,True,L,0.1312661972395236
neg_companies:pair:520,negation_pair,True,L,0.2181490899339672
neg_companies:pair:521,negation_pair,True,L,0.08605549213356983
neg_companies:pair:522,negation_pair,True,L,0.1636043082132309
neg_companies:pair:523,negation_pair,True,L,0.20375021347101357
neg_companies:pair:524,negation_pair,True,L,0.07855145098103156
neg_companies:pair:525,negation_pair,True,L,0.23248904035900747
neg_companies:pair:526,negation_pair,True,L,0.08745760430400246
neg_companies:pair:527,negation_pair,True,L,0.021835930254641034
neg_companies:pair:528,negation_pair,True,L,0.3870908988653013
neg_companies:pair:529,negation_pair,True,L,0.10150834375206813
neg_companies:pair:530,negation_pair,True,L,0.09243818742311766
neg_companies:pair:531,negation_pair,True,L,0.11850627356333876
neg_companies:pair:532,negation_pair,True,L,0.061114770770809956
neg_companies:pair:533,negation_pair,True,L,0.12551131397126897
neg_companies:pair:534,negation_pair,True,L,0.23371523611650302
neg_companies:pair:535,negation_pair,True,L,0.0926346283008811
neg_companies:pair:536,negation_pair,True,L,0.03637625437433778
neg_companies:pair:537,negation_pair,True,L,0.25894978729800705
neg_companies:pair:538,negation_pair,True,L,0.23033723254346594
neg_companies:pair:539,negation_pair,True,L,0.10129385485684939
neg_companies:pair:540,negation_pair,True,L,0.1664145530571931
neg_companies:pair:541,negation_pair,True,L,0.27878443715152695
neg_companies:pair:542,negation_pair,True,L,0.04337826664650957
neg_companies:pair:543,negation_pair,True,L,0.022446536542717277
neg_companies:pair:544,negation_pair,True,L,0.23764134075724025
neg_companies:pair:545,negation_pair,True,L,0.18363557614980475
neg_companies:pair:546,negation_pair,True,L,0.17308840828261773
neg_companies:pair:547,negation_pair,True,L,0.06777641981054006
neg_companies:pair:548,negation_pair,True,L,0.028525379080866553
neg_companies:pair:549,negation_pair,True,L,0.44854824750661765
conj_neg_companies:0,conjunction,True,L,0.0716193452174082
conj_neg_companies:0,conjunction,True,rho,0.12529202487044713
conj_neg_companies:1,conjunction,True,L,0.24073667247655012
conj_neg_companies:1,conjunction,True,rho,0.3249962927738955
conj_neg_companies:2,conjunction,True,L,0.23781506672715946
conj_neg_companies:2,conjunction,True,rho,0.32232340792669445
conj_neg_companies:3,conjunction,True,L,0.4276310555467123
conj_neg_companies:3,conjunction,True,rho,0.4609926036754796
conj_neg_companies:4,conjunction,True,L,0.257541168826913
conj_neg_companies:4,conjunction,True,rho,0.33996986490612413
conj_neg_companies:5,conjunction,True,L,0.31149874830028973
conj_neg_companies:5,conjunction,True,rho,0.3838561044644049
conj_neg_companies:6,conjunction,True,L,0.3592712770315701
conj_neg_companies:6,conjunction,True,rho,0.41811158668389914
conj_neg_companies:7,conjunction,True,L,0.48740804937329996
conj_neg_companies:7,conjunction,True,rho,0.4936237350735129
conj_neg_companies:8,conjunction,True,L,0.2114107022489658
conj_neg_companies:8,conjunction,True,rho,0.29717110184122647
conj_neg_companies:9,conjunction,True,L,0.4652276851999509
conj_neg_companies:9,conjunction,True,rho,0.4819875065058636
conj_neg_companies:10,conjunction,True,L,0.3350443578049237
conj_neg_companies:10,conjunction,True,rho,0.40122941335194806
conj_neg_companies:11,conjunction,True,L,0.1211557689809945
conj_neg_companies:11,conjunction,True,rho,0.195048931413372
conj_neg_companies:12,conjunction,True,L,0.4163380144036614
conj_neg_companies:12,conjunction,True,rho,0.4543498227284696
conj_neg_companies:13,conjunction,True,L,0.1805264645005385
conj_neg_companies:13,conjunction,True,rho,0.2652747158525761
conj_neg_companies:14,conjunction,True,L,0.3349014932098311
conj_neg_companies:14,conjunction,True,rho,0.4011269544174383
conj_neg_companies:15,conjunction,True,L,0.40563115023204566
conj_neg_companies:15,conjunction,True,rho,0.44789884946880715
conj_neg_companies:16,conjunction,True,L,0.45624275164220035
conj_neg_companies:16,conjunction,True,rho,0.4771202195872056
conj_neg_companies:17,conjunction,True,L,0.428702447601605
conj_neg_companies:17,conjunction,True,rho,0.4616144263523141
conj_neg_companies:18,conjunction,True,L,0.410557188174318
conj_neg_companies:18,conjunction,True,rho,0.4508856703415762
conj_neg_companies:19,conjunction,True,L,0.4516801094312592
conj_neg_companies:19,conjunction,True,rho,0.47461337581298785
conj_neg_companies:20,conjunction,True,L,0.22471686786380357
conj_neg_companies:20,conjunction,True,rho,0.31007539334110645
conj_neg_companies:21,conjunction,True,L,0.40554846942314526
conj_neg_companies:21,conjunction,True,rho,0.4478484400525669
conj_neg_companies:22,conjunction,True,L,0.1841257447869044
conj_neg_companies:22,conjunction,True,rho,0.2691402073229344
conj_neg_companies:23,conjunction,True,L,0.302047331459195
conj_neg_companies:23,conjunction,True,rho,0.37659539482497734
conj_neg_companies:24,conjunction,True,L,0.1465237986419744
conj_neg_companies:24,conjunction,True,rho,0.22663326384852064
conj_neg_companies:25,conjunction,True,L,0.41613178078835
conj_neg_companies:25,conjunction,True,rho,0.4542269895170104
conj_neg_companies:26,conjunction,True,L,0.1138459230388027
conj_neg_companies:26,conjunction,True,rho,0.18546335288050161
conj_neg_companies:27,conjunction,True,L,0.2569653359003213
conj_neg_companies:27,conjunction,True,rho,0.339467771789961
conj_neg_companies:28,conjunction,True,L,0.31906730541569994
conj_neg_companies:28,conjunction,True,rho,0.38954955631364646
conj_neg_companies:29,conjunction,True,L,0.3398287574226348
conj_neg_companies:29,conjunction,True,rho,0.40464053465559
conj_neg_companies:30,conjunction,True,L,0.4094537981979397
conj_neg_companies:30,conjunction,True,rho,0.4502194603060235
conj_neg_companies:31,conjunction,True,L,0.0628693065441997
conj_neg_companies:31,conjunction,True,rho,0.1116943237324362
conj_neg_companies:32,conjunction,True,L,0.11313423903219899
conj_neg_companies:32,conjunction,True,rho,0.1845178948263876
conj_neg_companies:33,conjunction,True,L,0.12741131430698643
conj_neg_companies:33,conjunction,True,rho,0.20307462011219846
conj_neg_companies:34,conjunction,True,L,0.28547948105672777
conj_neg_companies:34,conjunction,True,rho,0.3634461344205506
conj_neg_companies:35,conjunction,True,L,0.39849986125839165
conj_neg_companies:35,conjunction,True,rho,0.4435168868031585
conj_neg_companies:36,conjunction,True,L,0.428556107293893
conj_neg_companies:36,conjunction,True,rho,0.46152957686406415
conj_neg_companies:37,conjunction,True,L,0.34624356856381827
conj_neg_companies:37,conjunction,True,rho,0.40915355983317814
conj_neg_companies:38,conjunction,True,L,0.17586920018989716
conj_neg_companies:38,conjunction,True,rho,0.26021188735998574
conj_neg_companies:39,conjunction,True,L,0.43004564338176415
conj_neg_companies:39,conjunction,True,rho,0.4623919766110226
conj_neg_companies:40,conjunction,True,L,0.280976847499259
conj_neg_companies:40,conjunction,True,rho,0.35977615520737405
conj_neg_companies:41,conjunction,True,L,0.18958715790278707
conj_neg_companies:41,conjunction,True,rho,0.27492849269317987
conj_neg_companies:42,conjunction,True,L,0.3383724063802533
conj_neg_companies:42,conjunction,True,rho,0.4036063255483396
conj_neg_companies:43,conjunction,True,L,0.3881867396756943
conj_neg_companies:43,conjunction,True,rho,0.43705531994030195
conj_neg_companies:44,conjunction,True,L,0.3062266046373456
conj_neg_companies:44,conjunction,True,rho,0.37982696536675503
conj_neg_companies:45,conjunction,True,L,0.07266260698569987
conj_neg_companies:45,conjunction,True,rho,0.12688554499510762
conj_neg_companies:46,conjunction,True,L,0.25470274095583006
conj_neg_companies:46,conjunction,True,rho,0.33748749955942836
conj_neg_companies:47,conjunction,True,L,0.2519387169630145
conj_neg_companies:47,conjunction,True,rho,0.33505219412103576
conj_neg_companies:48,conjunction,True,L,0.33735846236962097
conj_neg_companies:48,conjunction,True,rho,0.40288416195727955
conj_neg_companies:49,conjunction,True,L,0.11745096526446264
conj_neg_companies:49,conjunction,True,rho,0.1902190973402346
conj_neg_companies:50,conjunction,True,L,0.4092144463042793
conj_neg_companies:50,conjunction,True,rho,0.4500747298589785
conj_neg_companies:51,conjunction,True,L,0.376565464468007
conj_neg_companies:51,conjunction,True,rho,0.4295919469021595
conj_neg_companies:52,conjunction,True,L,0.1275583656383814
conj_neg_companies:52,conjunction,True,rho,0.2032613580230472
conj_neg_companies:53,conjunction,True,L,0.37465477743518194
conj_neg_companies:53,conjunction,True,rho,0.4283458881157789
conj_neg_companies:54,conjunction,True,L,0.02978407940925154
conj_neg_companies:54,conjunction,True,rho,0.05621927982898807
conj_neg_companies:55,conjunction,True,L,0.3127873119138373
conj_neg_companies:55,conjunction,True,rho,0.38483291671634207
conj_neg_companies:56,conjunction,True,L,0.27624061910056064
conj_neg_companies:56,conjunction,True,rho,0.35586983250199394
conj_neg_companies:57,conjunction,True,L,0.26172039717045487
conj_neg_companies:57,conjunction,True,rho,0.34359116303391873
conj_neg_companies:58,conjunction,True,L,0.1557453118539185
conj_neg_companies:58,conjunction,True,rho,0.23750884533752367
conj_neg_companies:59,conjunction,True,L,0.13128938325038247
conj_neg_companies:59,conjunction,True,rho,0.20797020626958637
conj_neg_companies:60,conjunction,True,L,0.051843057804523696
conj_neg_companies:60,conjunction,True,rho,0.09394529308890531
conj_neg_companies:61,conjunction,True,L,0.14616936442863693
conj_neg_companies:61,conjunction,True,rho,0.22620905984591896
conj_neg_companies:62,conjunction,True,L,0.27185402679366655
conj_neg_companies:62,conjunction,True,rho,0.3522091190259982
conj_neg_companies:63,conjunction,True,L,0.1870883403737958
conj_neg_companies:63,conjunction,True,rho,0.2722915371726645
conj_neg_companies:64,conjunction,True,L,0.21953575957091948
conj_neg_companies:64,conjunction,True,rho,0.3051075039020093
conj_neg_companies:65,conjunction,True,L,0.3538121051732033
conj_neg_companies:65,conjunction,True,rho,0.41439106218976535
conj_neg_companies:66,conjunction,True,L,0.39774553488088266
conj_neg_companies:66,conjunction,True,rho,0.44304930453779146
conj_neg_companies:67,conjunction,True,L,0.1935594500449721
conj_neg_companies:67,conjunction,True,rho,0.27908126698067665
conj_neg_companies:68,conjunction,True,L,0.3029538850104385
conj_neg_companies:68,conjunction,True,rho,0.3772992330767539
conj_neg_companies:69,conjunction,True,L,0.26743564884068843
conj_neg_companies:69,conjunction,True,rho,0.3484795751209692
conj_neg_companies:70,conjunction,True,L,0.43069138109747473
conj_neg_companies:70,conjunction,True,rho,0.4627649829416082
conj_neg_companies:71,conjunction,True,L,0.2810975380071879
conj_neg_companies:71,conjunction,True,rho,0.359875078756939
conj_neg_companies:72,conjunction,True,L,0.37000369872739425
conj_neg_companies:72,conjunction,True,rho,0.4252897996509905
conj_neg_companies:73,conjunction,True,L,0.27403669894356375
conj_neg_companies:73,conjunction,True,rho,0.3540357961290207
conj_neg_companies:74,conjunction,True,L,0.19758963025149928
conj_neg_companies:74,conjunction,True,rho,0.28324622626666984
conj_neg_companies:75,conjunction,True,L,0.1747111447128401
conj_neg_companies:75,conjunction,True,rho,0.2589421355818841
conj_neg_companies:76,conjunction,True,L,0.24706248509632822
conj_neg_companies:76,conjunction,True,rho,0.330711941805613
conj_neg_companies:77,conjunction,True,L,0.35639030924115805
conj_neg_companies:77,conjunction,True,rho,0.4161540659619949
conj_neg_companies:78,conjunction,True,L,0.2437021419949948
conj_neg_companies:78,conjunction,True,rho,0.32768783123477263
conj_neg_companies:79,conjunction,True,L,0.3106064559253677
conj_neg_companies:79,conjunction,True,rho,0.3831778709075137
conj_neg_companies:80,conjunction,True,L,0.43182943924956985
conj_neg_companies:80,conjunction,True,rho,0.46342111663409985
conj_neg_companies:81,conjunction,True,L,0.08141206657339045
conj_neg_companies:81,conjunction,True,rho,0.140024728164313
conj_neg_companies:82,conjunction,True,L,0.3023736595840575
conj_neg_companies:82,conjunction,True,rho,0.37684893562035054
conj_neg_companies:83,conjunction,True,L,0.3772500669104884
conj_neg_companies:83,conjunction,True,rho,0.43003709106468696
conj_neg_companies:84,conjunction,True,L,0.36527082780123
conj_neg_companies:84,conjunction,True,rho,0.42214624145995133
conj_neg_companies:85,conjunction,True,L,0.30947005844563563
conj_neg_companies:85,conjunction,True,rho,0.38231192768252314
conj_neg_companies:86,conjunction,True,L,0.28534184448269595
conj_neg_companies:86,conjunction,True,rho,0.36333457396587654
conj_neg_companies:87,conjunction,True,L,0.42050677659431723
conj_neg_companies:87,conjunction,True,rho,0.4568209461206842
conj_neg_companies:88,conjunction,True,L,0.40087552282662325
conj_neg_companies:88,conjunction,True,rho,0.44498436539691977
conj_neg_companies:89,conjunction,True,L,0.42550849955667347
conj_neg_companies:89,conjunction,True,rho,0.4597564471428363
conj_neg_companies:90,conjunction,True,L,0.2482501294361414
conj_neg_companies:90,conjunction,True,rho,0.33177425525233806
conj_neg_companies:91,conjunction,True,L,0.2210917314626495
conj_neg_companies:91,conjunction,True,rho,0.3066069430780894
conj_neg_companies:92,conjunction,True,L,0.19384555520576008
conj_neg_companies:92,conjunction,True,rho,0.2793785356861948
conj_neg_companies:93,conjunction,True,L,0.29291041843547694
conj_neg_companies:93,conjunction,True,rho,0.36941174138365446
conj_neg_companies:94,conjunction,True,L,0.14284698744443336
conj_neg_companies:94,conjunction,True,rho,0.22220993523249716
conj_neg_companies:95,conjunction,True,L,0.2738948662875951
conj_neg_companies:95,conjunction,True,rho,0.3539174094815744
conj_neg_companies:96,conjunction,True,L,0.3329706573684225
conj_neg_companies:96,conjunction,True,rho,0.3997387596105318
conj_neg_companies:97,conjunction,True,L,0.1632382113881862
conj_neg_companies:97,conjunction,True,rho,0.22419853725591588
conj_neg_companies:98,conjunction,True,L,0.41864383602668825
conj_neg_companies:98,conjunction,True,rho,0.4557194198759375
conj_neg_companies:100,conjunction,True,L,0.3645989219641464
conj_neg_companies:100,conjunction,True,rho,0.4216971739172094
conj_neg_companies:101,conjunction,True,L,0.29304575611000583
conj_neg_companies:101,conjunction,True,rho,0.3695193547815374
conj_neg_companies:102,conjunction,True,L,0.3371315152202868
conj_neg_companies:102,conjunction,True,rho,0.4027222832861242
conj_neg_companies:103,conjunction,True,L,0.21036677317170854
conj_neg_companies:103,conjunction,True,rho,0.29613825014991096
conj_neg_companies:105,conjunction,True,L,0.231398020016169
conj_neg_companies:105,conjunction,True,rho,0.31637769543189836
conj_neg_companies:106,conjunction,True,L,0.36860157850790415
conj_neg_companies:106,conjunction,True,rho,0.42436208686276283
conj_neg_companies:107,conjunction,True,L,0.4168568509106325
conj_neg_companies:107,conjunction,True,rho,0.45465859855505864
conj_neg_companies:108,conjunction,True,L,0.3345425512660837
conj_neg_companies:108,conjunction,True,rho,0.4008693753943997
conj_neg_companies:110,conjunction,True,L,0.3814809692641702
conj_neg_companies:110,conjunction,True,rho,0.4327727796354097
conj_neg_companies:111,conjunction,True,L,0.11981067969883569
conj_neg_companies:111,conjunction,True,rho,0.193302057584828
conj_neg_companies:112,conjunction,True,L,0.21944351952143043
conj_neg_companies:112,conjunction,True,rho,0.3050184115459165
conj_neg_companies:113,conjunction,True,L,0.20593702961137156
conj_neg_companies:113,conjunction,True,rho,0.2917215289368554
conj_neg_companies:114,conjunction,True,L,0.26839879163788494
conj_neg_companies:114,conjunction,True,rho,0.349296217743625
conj_neg_companies:115,conjunction,True,L,0.44214604844935534
conj_neg_companies:115,conjunction,True,rho,0.46929671803757783
conj_neg_companies:116,conjunction,True,L,0.2598027210670309
conj_neg_companies:116,conjunction,True,rho,0.34193444411751667
conj_neg_companies:117,conjunction,True,L,0.48858571088527675
conj_neg_companies:117,conjunction,True,rho,0.49422696029841373
conj_neg_companies:118,conjunction,True,L,0.2987114809376402
conj_neg_companies:118,conjunction,True,rho,0.3739917204983338
conj_neg_companies:119,conjunction,True,L,0.38512950939498736
conj_neg_companies:119,conjunction,True,rho,0.435110913495851
conj_neg_companies:120,conjunction,True,L,0.2623146862110051
conj_neg_companies:120,conjunction,True,rho,0.3441028894705009
conj_neg_companies:121,conjunction,True,L,0.08777127526917328
conj_neg_companies:121,conjunction,True,rho,0.14932896342880642
conj_neg_companies:122,conjunction,True,L,0.34755864769527023
conj_neg_companies:122,conjunction,True,rho,0.4100703221427466
conj_neg_companies:123,conjunction,True,L,0.22558567185091072
conj_neg_companies:123,conjunction,True,rho,0.3109014973730941
conj_neg_companies:124,conjunction,True,L,0.22100331282513536
conj_neg_companies:124,conjunction,True,rho,0.3065219103628934
conj_neg_companies:125,conjunction,True,L,0.3838511060042836
conj_neg_companies:125,conjunction,True,rho,0.43429385718551483
conj_neg_companies:126,conjunction,True,L,0.23164829611213666
conj_neg_companies:126,conjunction,True,rho,0.3166115432005775
conj_neg_companies:127,conjunction,True,L,0.332174709919774
conj_neg_companies:127,conjunction,True,rho,0.3991646296867125
conj_neg_companies:128,conjunction,True,L,0.31155461409979784
conj_neg_companies:128,conjunction,True,rho,0.38389851858015
conj_neg_companies:129,conjunction,True,L,0.4057008823647788
conj_neg_companies:129,conjunction,True,rho,0.447941357090761
conj_neg_companies:130,conjunction,True,L,0.4297246105777432
conj_neg_companies:130,conjunction,True,rho,0.4622063411989347
conj_neg_companies:131,conjunction,True,L,0.38471567566013487
conj_neg_companies:131,conjunction,True,rho,0.4348466815319819
conj_neg_companies:132,conjunction,True,L,0.424830758222938
conj_neg_companies:132,conjunction,True,rho,0.45936054185659886
conj_neg_companies:133,conjunction,True,L,0.3832878725568183
conj_neg_companies:133,conjunction,True,rho,0.43393313150256463
conj_neg_companies:134,conjunction,True,L,0.44165553621525916
conj_neg_companies:134,conjunction,True,rho,0.46902027251958756
conj_neg_companies:135,conjunction,True,L,0.3365602331074755
conj_neg_companies:135,conjunction,True,rho,0.402314405810677
conj_neg_companies:136,conjunction,True,L,0.2406197227558851
conj_neg_companies:136,conjunction,True,rho,0.3248897043418267
conj_neg_companies:137,conjunction,True,L,0.1007284946066685
conj_neg_companies:137,conjunction,True,rho,0.16767723773885782
conj_neg_companies:138,conjunction,True,L,0.39611763692011404
conj_neg_companies:138,conjunction,True,rho,0.44203754127810635
conj_neg_companies:139,conjunction,True,L,0.20560733356116673
conj_neg_companies:139,conjunction,True,rho,0.29139058479377794
conj_neg_companies:140,conjunction,True,L,0.2801507644667689
conj_neg_companies:140,conjunction,True,rho,0.3590982374518998
conj_neg_companies:141,conjunction,True,L,0.4169967279565794
conj_neg_companies:141,conjunction,True,rho,0.4547417839601327
conj_neg_companies:142,conjunction,True,L,0.3370277612515533
conj_neg_companies:142,conjunction,True,rho,0.4026482475893243
conj_neg_companies:143,conjunction,True,L,0.13282152687755977
conj_neg_companies:143,conjunction,True,rho,0.20988781391954534
conj_neg_companies:144,conjunction,True,L,0.283461264543227
conj_neg_companies:144,conjunction,True,rho,0.36180635517250553
conj_neg_companies:145,conjunction,True,L,0.23991338471657736
conj_neg_companies:145,conjunction,True,rho,0.32424522879590273
conj_neg_companies:146,conjunction,True,L,0.38251125333174096
conj_neg_companies:146,conjunction,True,rho,0.43343498667880764
conj_neg_companies:147,conjunction,True,L,0.09904527725063561
conj_neg_companies:147,conjunction,True,rho,0.16533854954205043
conj_neg_companies:148,conjunction,True,L,0.14244354271769089
conj_neg_companies:148,conjunction,True,rho,0.22172149495832785
conj_neg_companies:149,conjunction,True,L,0.2692973546242674
conj_neg_companies:149,conjunction,True,rho,0.2877219086400751
conj_neg_companies:150,conjunction,True,L,0.35575412623002306
conj_neg_companies:150,conjunction,True,rho,0.415720024392144
conj_neg_companies:151,conjunction,True,L,0.06829583083538837
conj_neg_companies:151,conjunction,True,rho,0.12017654737145311
conj_neg_companies:152,conjunction,True,L,0.2577250980553153
conj_neg_companies:152,conjunction,True,rho,0.34013007978323684
conj_neg_companies:153,conjunction,True,L,0.22364986741990128
conj_neg_companies:153,conjunction,True,rho,0.3090581198021935
conj_neg_companies:154,conjunction,True,L,0.3401427573478858
conj_neg_companies:154,conjunction,True,rho,0.4048630478249064
conj_neg_companies:155,conjunction,True,L,0.22491635212995575
conj_neg_companies:155,conjunction,True,rho,0.3102652484926082
conj_neg_companies:156,conjunction,True,L,0.19337164425701808
conj_neg_companies:156,conjunction,True,rho,0.27888599982225315
conj_neg_companies:157,conjunction,True,L,0.4677705113820037
conj_neg_companies:157,conjunction,True,rho,0.4833485892373536
conj_neg_companies:158,conjunction,True,L,0.3691031443633114
conj_neg_companies:158,conjunction,True,rho,0.42469429176177864
conj_neg_companies:159,conjunction,True,L,0.21746427491370884
conj_neg_companies:159,conjunction,True,rho,0.30310118917051837
conj_neg_companies:160,conjunction,True,L,0.24432065449828344
conj_neg_companies:160,conjunction,True,rho,0.3282465064239957
conj_neg_companies:161,conjunction,True,L,0.27999296333029106
conj_neg_companies:161,conjunction,True,rho,0.35896857599179
conj_neg_companies:163,conjunction,True,L,0.1557645182623552
conj_neg_companies:163,conjunction,True,rho,0.2375311776170813
conj_neg_companies:164,conjunction,True,L,0.4686981251529982
conj_neg_companies:164,conjunction,True,rho,0.48384332846620404
conj_neg_companies:165,conjunction,True,L,0.14626228261695023
conj_neg_companies:165,conjunction,True,rho,0.2263203138278181
conj_neg_companies:166,conjunction,True,L,0.226495033702048
conj_neg_companies:166,conjunction,True,rho,0.31176404957358417
conj_neg_companies:167,conjunction,True,L,0.11871838988868921
conj_neg_companies:167,conjunction,True,rho,0.19187790734658344
conj_neg_companies:168,conjunction,True,L,0.38493869682519577
conj_neg_companies:168,conjunction,True,rho,0.4349891107781827
conj_neg_companies:169,conjunction,True,L,0.05080284812678598
conj_neg_companies:169,conjunction,True,rho,0.09223417834450386
conj_neg_companies:170,conjunction,True,L,0.3993489106556051
conj_neg_companies:170,conjunction,True,rho,0.44404224647860946
conj_neg_companies:171,conjunction,True,L,0.22009472352921206
conj_neg_companies:171,conjunction,True,rho,0.30564690496622343
conj_neg_companies:172,conjunction,True,L,0.42242011458138184
conj_neg_companies:172,conjunction,True,rho,0.4579476400220164
conj_neg_companies:173,conjunction,True,L,0.3913590440338386
conj_neg_companies:173,conjunction,True,rho,0.439058813228333
conj_neg_companies:174,conjunction,True,L,0.1771541315275708
conj_neg_companies:174,conjunction,True,rho,0.26161566957870336
conj_neg_companies:175,conjunction,True,L,0.16571512056035853
conj_neg_companies:175,conjunction,True,rho,0.24892798051645518
conj_neg_companies:176,conjunction,True,L,0.04746979742533358
conj_neg_companies:176,conjunction,True,rho,0.08670760953129608
conj_neg_companies:177,conjunction,True,L,0.15620803892290863
conj_neg_companies:177,conjunction,True,rho,0.23804651826470552
conj_neg_companies:178,conjunction,True,L,0.37514094163847905
conj_neg_companies:178,conjunction,True,rho,0.42866345726680655
conj_neg_companies:179,conjunction,True,L,0.1862769275288269
conj_neg_companies:179,conjunction,True,rho,0.27143113815523456
conj_neg_companies:180,conjunction,True,L,0.35734322628147586
conj_neg_companies:180,conjunction,True,rho,0.41680299712796226
conj_neg_companies:181,conjunction,True,L,0.27230672286583507
conj_neg_companies:181,conjunction,True,rho,0.3525888287691885
conj_neg_companies:182,conjunction,True,L,0.22039419648806557
conj_neg_companies:182,conjunction,True,rho,0.30593555245515663
conj_neg_companies:183,conjunction,True,L,0.0830822911551313
conj_neg_companies:183,conjunction,True,rho,0.1108134800167051
conj_neg_companies:184,conjunction,True,L,0.31587843105002966
conj_neg_companies:184,conjunction,True,rho,0.3871636006402362
conj_neg_companies:185,conjunction,True,L,0.2671510649559109
conj_neg_companies:185,conjunction,True,rho,0.34823788580840226
conj_neg_companies:186,conjunction,True,L,0.24586990428729244
conj_neg_companies:186,conjunction,True,rho,0.3296418086773867
conj_neg_companies:187,conjunction,True,L,0.3084085358120639
conj_neg_companies:187,conjunction,True,rho,0.3815008404163635
conj_neg_companies:188,conjunction,True,L,0.12625157747012505
conj_neg_companies:188,conjunction,True,rho,0.20159881749143832
conj_neg_companies:189,conjunction,True,L,0.2267893000179158
conj_neg_companies:189,conjunction,True,rho,0.31204270620429503
conj_neg_companies:190,conjunction,True,L,0.2864677808156365
conj_neg_companies:190,conjunction,True,rho,0.3642460477129072
conj_neg_companies:191,conjunction,True,L,0.07231286393743686
conj_neg_companies:191,conjunction,True,rho,0.1263519806979947
conj_neg_companies:192,conjunction,True,L,0.21736176620983544
conj_neg_companies:192,conjunction,True,rho,0.303001604557574
conj_neg_companies:193,conjunction,True,L,0.2813996083641178
conj_neg_companies:193,conjunction,True,rho,0.360122535706456
conj_neg_companies:194,conjunction,True,L,0.11519467614673545
conj_neg_companies:194,conjunction,True,rho,0.18724914342278765
conj_neg_companies:195,conjunction,True,L,0.24295173273562443
conj_neg_companies:195,conjunction,True,rho,0.32700877059812655
conj_neg_companies:196,conjunction,True,L,0.2745640759311189
conj_neg_companies:196,conjunction,True,rho,0.3544756133972
conj_neg_companies:197,conjunction,True,L,0.20484052208141224
conj_neg_companies:197,conjunction,True,rho,0.2906196730524415
conj_neg_companies:198,conjunction,True,L,0.4119949683458907
conj_neg_companies:198,conjunction,True,rho,0.45175136118693376
conj_neg_companies:199,conjunction,True,L,0.21145217931263316
conj_neg_companies:199,conjunction,True,rho,0.29721207617485534
conj_neg_companies:200,conjunction,True,L,0.3982122314537096
conj_neg_companies:200,conjunction,True,rho,0.44333868712656477
conj_neg_companies:201,conjunction,True,L,0.27027052272441965
conj_neg_companies:201,conjunction,True,rho,0.35087740573075843
conj_neg_companies:202,conjunction,True,L,0.18716297799659315
conj_neg_companies:202,conjunction,True,rho,0.2723705787268433
conj_neg_companies:203,conjunction,True,L,0.1949367495712711
conj_neg_companies:203,conjunction,True,rho,0.28051006036381554
conj_neg_companies:204,conjunction,True,L,0.3633731086361771
conj_neg_companies:204,conjunction,True,rho,0.42087610211786386
conj_neg_companies:205,conjunction,True,L,0.38733318035876907
conj_neg_companies:205,conjunction,True,rho,0.4365138021798772
conj_neg_companies:206,conjunction,True,L,0.27632140360644586
conj_neg_companies:206,conjunction,True,rho,0.3559368611026037
conj_neg_companies:207,conjunction,True,L,0.24625233089184684
conj_neg_companies:207,conjunction,True,rho,0.32998534235404087
conj_neg_companies:208,conjunction,True,L,0.19681252415312078
conj_neg_companies:208,conjunction,True,rho,0.2824468810923265
conj_neg_companies:209,conjunction,True,L,0.3869985616847218
conj_neg_companies:209,conjunction,True,rho,0.43630122798584436
conj_neg_companies:210,conjunction,True,L,0.0870853000489275
conj_neg_companies:210,conjunction,True,rho,0.14833500351936904
conj_neg_companies:211,conjunction,True,L,0.16911116527983824
conj_neg_companies:211,conjunction,True,rho,0.2205626816274695
conj_neg_companies:212,conjunction,True,L,0.08549595000255011
conj_neg_companies:212,conjunction,True,rho,0.14602312791775546
conj_neg_companies:213,conjunction,True,L,0.0650052885664738
conj_neg_companies:213,conjunction,True,rho,0.11505253115666333
conj_neg_companies:214,conjunction,True,L,0.20816130798278432
conj_neg_companies:214,conjunction,True,rho,0.29394617530818956
conj_neg_companies:215,conjunction,True,L,0.35192038541123677
conj_neg_companies:215,conjunction,True,rho,0.4130906965459674
conj_neg_companies:216,conjunction,True,L,0.13738299145710098
conj_neg_companies:216,conjunction,True,rho,0.2155422929360479
conj_neg_companies:217,conjunction,True,L,0.19372315704379273
conj_neg_companies:217,conjunction,True,rho,0.2792513916780835
conj_neg_companies:218,conjunction,True,L,0.2769111065396757
conj_neg_companies:218,conjunction,True,rho,0.3564257277425526
conj_neg_companies:219,conjunction,True,L,0.3622047766013689
conj_neg_companies:219,conjunction,True,rho,0.4200913593045777
conj_neg_companies:220,conjunction,True,L,0.35257039554702024
conj_neg_companies:220,conjunction,True,rho,0.4135381634038635
conj_neg_companies:221,conjunction,True,L,0.3881625525621015
conj_neg_companies:221,conjunction,True,rho,0.43703998940549876
conj_neg_companies:222,conjunction,True,L,0.25827245626883333
conj_neg_companies:222,conjunction,True,rho,0.3406064062246077
conj_neg_companies:223,conjunction,True,L,0.23899680945264135
conj_neg_companies:223,conjunction,True,rho,0.32340709241987253
conj_neg_companies:224,conjunction,True,L,0.3600008443161379
conj_neg_companies:224,conjunction,True,rho,0.41860522195464367
conj_neg_companies:225,conjunction,True,L,0.1010223146922195
conj_neg_companies:225,conjunction,True,rho,0.16808413302250272
conj_neg_companies:226,conjunction,True,L,0.2677612091230037
conj_neg_companies:226,conjunction,True,rho,0.34875584483990957
conj_neg_companies:227,conjunction,True,L,0.34862040335672545
conj_neg_companies:227,conjunction,True,rho,0.41080841560932835
conj_neg_companies:228,conjunction,True,L,0.1441504880675138
conj_neg_companies:228,conjunction,True,rho,0.17778421093566063
conj_neg_companies:229,conjunction,True,L,0.27948729538513917
conj_neg_companies:229,conjunction,True,rho,0.3585527269524588
conj_neg_companies:230,conjunction,True,L,0.419977928627523
conj_neg_companies:230,conjunction,True,rho,0.4565087004359667
conj_neg_companies:231,conjunction,True,L,0.2386414046765798
conj_neg_companies:231,conjunction,True,rho,0.32308154290520835
conj_neg_companies:232,conjunction,True,L,0.1585199478990008
conj_neg_companies:232,conjunction,True,rho,0.240721558101249
conj_neg_companies:233,conjunction,True,L,0.28464801925015576
conj_neg_companies:233,conjunction,True,rho,0.36277160238316525
conj_neg_companies:234,conjunction,True,L,0.30853361553217556
conj_neg_companies:234,conjunction,True,rho,0.3815965219072545
conj_neg_companies:235,conjunction,True,L,0.3675547109157583
conj_neg_companies:235,conjunction,True,rho,0.4236674716777008
conj_neg_companies:236,conjunction,True,L,0.3851321815569974
conj_neg_companies:236,conjunction,True,rho,0.4351126188627875
conj_neg_companies:237,conjunction,True,L,0.43256696734407296
conj_neg_companies:237,conjunction,True,rho,0.4638454743641765
conj_neg_companies:238,conjunction,True,L,0.2915698676138878
conj_neg_companies:238,conjunction,True,rho,0.3683438184588618
conj_neg_companies:239,conjunction,True,L,0.09438196792952946
conj_neg_companies:239,conjunction,True,rho,0.1587900929402345
conj_neg_companies:240,conjunction,True,L,0.10551314720651556
conj_neg_companies:240,conjunction,True,rho,0.17425409785616
conj_neg_companies:241,conjunction,True,L,0.3111267871223768
conj_neg_companies:241,conjunction,True,rho,0.3835735572562669
conj_neg_companies:242,conjunction,True,L,0.43804368514327907
conj_neg_companies:242,conjunction,True,rho,0.4669757838371581
conj_neg_companies:243,conjunction,True,L,0.15996902066457014
conj_neg_companies:243,conjunction,True,rho,0.2423886813709617
conj_neg_companies:244,conjunction,True,L,0.09810840649135455
conj_neg_companies:244,conjunction,True,rho,0.1640311445660523
conj_neg_companies:245,conjunction,True,L,0.364312874561019
conj_neg_companies:245,conjunction,True,rho,0.4215057825513151
conj_neg_companies:246,conjunction,True,L,0.3481690065372817
conj_neg_companies:246,conjunction,True,rho,0.4104948469630006
conj_neg_companies:247,conjunction,True,L,0.33821080666839
conj_neg_companies:247,conjunction,True,rho,0.4034913460644414
conj_neg_companies:248,conjunction,True,L,0.39543436601640336
conj_neg_companies:248,conjunction,True,rho,0.44161178197304013
conj_neg_companies:249,conjunction,True,L,0.3981617492734349
conj_neg_companies:249,conjunction,True,rho,0.44330739935821867
conj_neg_companies:250,conjunction,True,L,0.28206616085608954
conj_neg_companies:250,conjunction,True,rho,0.3606679012263177
conj_neg_companies:251,conjunction,True,L,0.28682065452342653
conj_neg_companies:251,conjunction,True,rho,0.36453117095299487
conj_neg_companies:252,conjunction,True,L,0.4191975125839754
conj_neg_companies:252,conjunction,True,rho,0.4560472660609801
conj_neg_companies:253,conjunction,True,L,0.11157220010106378
conj_neg_companies:253,conjunction,True,rho,0.18243504214649758
conj_neg_companies:254,conjunction,True,L,0.2522535366529111
conj_neg_companies:254,conjunction,True,rho,0.3353304761786725
conj_neg_companies:255,conjunction,True,L,0.20607068946653873
conj_neg_companies:255,conjunction,True,rho,0.29185560672718536
conj_neg_companies:256,conjunction,True,L,0.32218624468947055
conj_neg_companies:256,conjunction,True,rho,0.3918652820701911
conj_neg_companies:257,conjunction,True,L,0.16870797535620569
conj_neg_companies:257,conjunction,True,rho,0.25228946202763425
conj_neg_companies:258,conjunction,True,L,0.28855033795025775
conj_neg_companies:258,conjunction,True,rho,0.3659250704277292
conj_neg_companies:259,conjunction,True,L,0.30290468624831207
conj_neg_companies:259,conjunction,True,rho,0.37726107648428103
conj_neg_companies:260,conjunction,True,L,0.0560318607333517
conj_neg_companies:260,conjunction,True,rho,0.10077095341164652
conj_neg_companies:261,conjunction,True,L,0.39611908025692466
conj_neg_companies:261,conjunction,True,rho,0.4420384399619682
conj_neg_companies:262,conjunction,True,L,0.06671304499312114
conj_neg_companies:262,conjunction,True,rho,0.11771926830082342
conj_neg_companies:263,conjunction,True,L,0.3010995027068555
conj_neg_companies:263,conjunction,True,rho,0.37585780753759385
conj_neg_companies:264,conjunction,True,L,0.3083257118179821
conj_neg_companies:264,conjunction,True,rho,0.3814374667416376
conj_neg_companies:265,conjunction,True,L,0.30435087765299595
conj_neg_companies:265,conjunction,True,rho,0.37838073670169486
conj_neg_companies:266,conjunction,True,L,0.1398875564201429
conj_neg_companies:266,conjunction,True,rho,0.21861271565077045
conj_neg_companies:267,conjunction,True,L,0.43308031722328644
conj_neg_companies:267,conjunction,True,rho,0.46414044882231736
conj_neg_companies:268,conjunction,True,L,0.33012411742028
conj_neg_companies:268,conjunction,True,rho,0.39768043174818746
conj_neg_companies:269,conjunction,True,L,0.30202714924986873
conj_neg_companies:269,conjunction,True,rho,0.37657970747293645
conj_neg_companies:270,conjunction,True,L,0.24069401613918534
conj_neg_companies:270,conjunction,True,rho,0.32495741952093216
conj_neg_companies:271,conjunction,True,L,0.0501031238565707
conj_neg_companies:271,conjunction,True,rho,0.09107951161105336
conj_neg_companies:272,conjunction,True,L,0.3254589266952382
conj_neg_companies:272,conjunction,True,rho,0.39427634273485607
conj_neg_companies:273,conjunction,True,L,0.17572470557307523
conj_neg_companies:273,conjunction,True,rho,0.2600536936473929
conj_neg_companies:274,conjunction,True,L,0.4124423712031805
conj_neg_companies:274,conjunction,True,rho,0.4520201869399364
conj_neg_companies:275,conjunction,True,L,0.47168797619448566
conj_neg_companies:275,conjunction,True,rho,0.48543152508874526
conj_neg_companies:276,conjunction,True,L,0.05481172341023832
conj_neg_companies:276,conjunction,True,rho,0.09879337637879991
conj_neg_companies:277,conjunction,True,L,0.48209896178921496
conj_neg_companies:277,conjunction,True,rho,0.4908863368625436
conj_neg_companies:278,conjunction,True,L,0.2201899995737499
conj_neg_companies:278,conjunction,True,rho,0.30573876297098124
conj_neg_companies:279,conjunction,True,L,0.1948574152174295
conj_neg_companies:279,conjunction,True,rho,0.28042791362664843
conj_neg_companies:280,conjunction,True,L,0.23836799885971605
conj_neg_companies:280,conjunction,True,rho,0.32283089086720307
conj_neg_companies:281,conjunction,True,L,0.1156175613777683
conj_neg_companies:281,conjunction,True,rho,0.18780744512715514
conj_neg_companies:282,conjunction,True,L,0.344744212600351
conj_neg_companies:282,conjunction,True,rho,0.40810485287509113
conj_neg_companies:283,conjunction,True,L,0.3750027718838084
conj_neg_companies:283,conjunction,True,rho,0.4285732387755282
conj_neg_companies:284,conjunction,True,L,0.11238711851438415
conj_neg_companies:284,conjunction,True,rho,0.1835229956943393
conj_neg_companies:285,conjunction,True,L,0.4200062502834199
conj_neg_companies:285,conjunction,True,rho,0.4565254313805277
conj_neg_companies:286,conjunction,True,L,0.47836159397292444
conj_neg_companies:286,conjunction,True,rho,0.4889415088652414
conj_neg_companies:287,conjunction,True,L,0.17517110217310133
conj_neg_companies:287,conjunction,True,rho,0.25944697812050416
conj_neg_companies:288,conjunction,True,L,0.215966538014929
conj_neg_companies:288,conjunction,True,rho,0.3016433402232909
conj_neg_companies:289,conjunction,True,L,0.248129398123483
conj_neg_companies:289,conjunction,True,rho,0.33166641859798673
conj_neg_companies:290,conjunction,True,L,0.13153193376847067
conj_neg_companies:290,conjunction,True,rho,0.20827439870474124
conj_neg_companies:291,conjunction,True,L,0.041357571329909304
conj_neg_companies:291,conjunction,True,rho,0.07639603382346628
conj_neg_companies:292,conjunction,True,L,0.17609242848397477
conj_neg_companies:292,conjunction,True,rho,0.2604561463272601
conj_neg_companies:293,conjunction,True,L,0.32302196603026617
conj_neg_companies:293,conjunction,True,rho,0.39248280041457284
conj_neg_companies:294,conjunction,True,L,0.24487393438381816
conj_neg_companies:294,conjunction,True,rho,0.32874547367050183
conj_neg_companies:295,conjunction,True,L,0.4474768562469114
conj_neg_companies:295,conjunction,True,rho,0.4722826244214871
conj_neg_companies:296,conjunction,True,L,0.2793509980618015
conj_neg_companies:296,conjunction,True,rho,0.35844054701479877
conj_neg_companies:297,conjunction,True,L,0.14148494236593195
conj_neg_companies:297,conjunction,True,rho,0.22055847771594408
conj_neg_companies:298,conjunction,True,L,0.08318229339028821
conj_neg_companies:298,conjunction,True,rho,0.1426351491344395
conj_neg_companies:299,conjunction,True,L,0.22865287694725386
conj_neg_companies:299,conjunction,True,rho,0.31380220154377536
conj_neg_companies:300,conjunction,True,L,0.44885837552464675
conj_neg_companies:300,conjunction,True,rho,0.473050970621893
conj_neg_companies:301,conjunction,True,L,0.21261075820769504
conj_neg_companies:301,conjunction,True,rho,0.2983546848807582
conj_neg_companies:302,conjunction,True,L,0.19577242381404852
conj_neg_companies:302,conjunction,True,rho,0.28137422110073523
conj_neg_companies:303,conjunction,True,L,0.32574657745845453
conj_neg_companies:303,conjunction,True,rho,0.3944873479961153
conj_neg_companies:304,conjunction,True,L,0.3593095194742727
conj_neg_companies:304,conjunction,True,rho,0.41813748286426405
conj_neg_companies:305,conjunction,True,L,0.34742709574868214
conj_neg_companies:305,conjunction,True,rho,0.40997874329441686
conj_neg_companies:306,conjunction,True,L,0.3040615161415754
conj_neg_companies:306,conjunction,True,rho,0.3781570315672683
conj_neg_companies:307,conjunction,True,L,0.32879569724323565
conj_neg_companies:307,conjunction,True,rho,0.396715014733891
conj_neg_companies:308,conjunction,True,L,0.20447251992147614
conj_neg_companies:308,conjunction,True,rho,0.29024910715362984
conj_neg_companies:309,conjunction,True,L,0.2517641992766367
conj_neg_companies:309,conjunction,True,rho,0.3348978303554351
conj_neg_companies:310,conjunction,True,L,0.35179067747596554
conj_neg_companies:310,conjunction,True,rho,0.413001323891446
conj_neg_companies:311,conjunction,True,L,0.2772400259774102
conj_neg_companies:311,conjunction,True,rho,0.35669808130219477
conj_neg_companies:312,conjunction,True,L,0.4730670239489755
conj_neg_companies:312,conjunction,True,rho,0.4861607806100945
conj_neg_companies:313,conjunction,True,L,0.29134949149980693
conj_neg_companies:313,conjunction,True,rho,0.36816791396128423
conj_neg_companies:314,conjunction,True,L,0.16726894200426518
conj_neg_companies:314,conjunction,True,rho,0.2506769481909979
conj_neg_companies:315,conjunction,True,L,0.468490320897611
conj_neg_companies:315,conjunction,True,rho,0.48373257924086177
conj_neg_companies:316,conjunction,True,L,0.058583683563924516
conj_neg_companies:316,conjunction,True,rho,0.10487897389007815
conj_neg_companies:317,conjunction,True,L,0.31343335597335165
conj_neg_companies:317,conjunction,True,rho,0.3853214939757399
conj_neg_companies:318,conjunction,True,L,0.300552540678015
conj_neg_companies:318,conjunction,True,rho,0.3754313744647752
conj_neg_companies:319,conjunction,True,L,0.1532283843658942
conj_neg_companies:319,conjunction,True,rho,0.23457092195195559
conj_neg_companies:320,conjunction,True,L,0.11751291124463165
conj_neg_companies:320,conjunction,True,rho,0.19030033073766497
conj_neg_companies:321,conjunction,True,L,0.09383280838853059
conj_neg_companies:321,conjunction,True,rho,0.15801216615693958
conj_neg_companies:322,conjunction,True,L,0.29455470107214404
conj_neg_companies:322,conjunction,True,rho,0.3707167054385084
conj_neg_companies:323,conjunction,True,L,0.4056929356221425
conj_neg_companies:323,conjunction,True,rho,0.44793651321069666
conj_neg_companies:324,conjunction,True,L,0.14687208022775528
conj_neg_companies:324,conjunction,True,rho,0.2270496512634206
conj_neg_companies:325,conjunction,True,L,0.24450709418725158
conj_neg_companies:325,conjunction,True,rho,0.3284147271345616
conj_neg_companies:326,conjunction,True,L,0.24248579753582772
conj_neg_companies:326,conjunction,True,rho,0.3265864456136306
conj_neg_companies:327,conjunction,True,L,0.40225933311885687
conj_neg_companies:327,conjunction,True,rho,0.4458356021969419
conj_neg_companies:328,conjunction,True,L,0.1885080911697729
conj_neg_companies:328,conjunction,True,rho,0.2737921218173314
conj_neg_companies:329,conjunction,True,L,0.16589050222638718
conj_neg_companies:329,conjunction,True,rho,0.24912579721701492
conj_neg_companies:330,conjunction,True,L,0.4004991559584399
conj_neg_companies:330,conjunction,True,rho,0.44475239461182103
conj_neg_companies:331,conjunction,True,L,0.17071056030597065
conj_neg_companies:331,conjunction,True,rho,0.2545219509114251
conj_neg_companies:332,conjunction,True,L,0.28865207048685515
conj_neg_companies:332,conjunction,True,rho,0.36600686321493237
conj_neg_companies:333,conjunction,True,L,0.2922230246510658
conj_neg_companies:333,conjunction,True,rho,0.3688645943858743
conj_neg_companies:334,conjunction,True,L,0.35668192578479463
conj_neg_companies:334,conjunction,True,rho,0.41635280849195355
conj_neg_companies:335,conjunction,True,L,0.2166677106823836
conj_neg_companies:335,conjunction,True,rho,0.3023265977423217
conj_neg_companies:336,conjunction,True,L,0.14383309808814043
conj_neg_companies:336,conjunction,True,rho,0.22340121766844884
conj_neg_companies:337,conjunction,True,L,0.32037082334954914
conj_neg_companies:337,conjunction,True,rho,0.3905195238922378
conj_neg_companies:338,conjunction,True,L,0.4399254516567807
conj_neg_companies:338,conjunction,True,rho,0.4680429185967242
conj_neg_companies:339,conjunction,True,L,0.31565583519053525
conj_neg_companies:339,conjunction,True,rho,0.3869963550457515
conj_neg_companies:340,conjunction,True,L,0.3653065067185229
conj_neg_companies:340,conjunction,True,rho,0.42217006792640943
conj_neg_companies:341,conjunction,True,L,0.236688294017535
conj_neg_companies:341,conjunction,True,rho,0.3212868942531363
conj_neg_companies:342,conjunction,True,L,0.18113396780984808
conj_neg_companies:342,conjunction,True,rho,0.26593001725090215
conj_neg_companies:343,conjunction,True,L,0.0943000910838161
conj_neg_companies:343,conjunction,True,rho,0.1586741992784193
conj_neg_companies:344,conjunction,True,L,0.30375255462264505
conj_neg_companies:344,conjunction,True,rho,0.37791799587530334
conj_neg_companies:345,conjunction,True,L,0.13041405667438816
conj_neg_companies:345,conjunction,True,rho,0.20687047709938294
conj_neg_companies:346,conjunction,True,L,0.2747428614678415
conj_neg_companies:346,conjunction,True,rho,0.35462457949894377
conj_neg_companies:347,conjunction,True,L,0.2612490628944386
conj_neg_companies:347,conjunction,True,rho,0.34318474153664147
conj_neg_companies:348,conjunction,True,L,0.23600939187029313
conj_neg_companies:348,conjunction,True,rho,0.32066084275169826
conj_neg_companies:349,conjunction,True,L,0.18407758889785464
conj_neg_companies:349,conjunction,True,rho,0.2690887581837457
conj_neg_companies:350,conjunction,True,L,0.30312880630890143
conj_neg_companies:350,conjunction,True,rho,0.3774348571831842
conj_neg_companies:351,conjunction,True,L,0.07922398650661164
conj_neg_companies:351,conjunction,True,rho,0.13264653766154272
conj_neg_companies:352,conjunction,True,L,0.4813300735968884
conj_neg_companies:352,conjunction,True,rho,0.49048743796535227
conj_neg_companies:353,conjunction,True,L,0.2940034525923143
conj_neg_companies:353,conjunction,True,rho,0.3702798163313199
conj_neg_companies:354,conjunction,True,L,0.27077635408984535
conj_neg_companies:354,conjunction,True,rho,0.3513034003353486
conj_neg_companies:355,conjunction,True,L,0.3178043915285824
conj_neg_companies:355,conjunction,True,rho,0.3886068536934229
conj_neg_companies:356,conjunction,True,L,0.28515682563046585
conj_neg_companies:356,conjunction,True,rho,0.36318454647769305
conj_neg_companies:357,conjunction,True,L,0.19408184572771664
conj_neg_companies:357,conjunction,True,rho,0.2796238612526016
conj_neg_companies:358,conjunction,True,L,0.20908900209196707
conj_neg_companies:358,conjunction,True,rho,0.29486989852487716
conj_neg_companies:359,conjunction,True,L,0.39824396658870964
conj_neg_companies:359,conjunction,True,rho,0.44335835407957597
conj_neg_companies:360,conjunction,True,L,0.3564441653868664
conj_neg_companies:360,conjunction,True,rho,0.416190780196227
conj_neg_companies:361,conjunction,True,L,0.26363312609651407
conj_neg_companies:361,conjunction,True,rho,0.3452353192744993
conj_neg_companies:362,conjunction,True,L,0.17434840462224305
conj_neg_companies:362,conjunction,True,rho,0.2585435116731828
conj_neg_companies:363,conjunction,True,L,0.4541609576533939
conj_neg_companies:363,conjunction,True,rho,0.4759793974072571
conj_neg_companies:364,conjunction,True,L,0.0886796767000701
conj_neg_companies:364,conjunction,True,rho,0.15064164809829214
conj_neg_companies:365,conjunction,True,L,0.24467315384749388
conj_neg_companies:365,conjunction,True,rho,0.32856448843810737
conj_neg_companies:366,conjunction,True,L,0.39058576497486036
conj_neg_companies:366,conjunction,True,rho,0.43857175842675394
conj_neg_companies:367,conjunction,True,L,0.18241660945458377
conj_neg_companies:367,conjunction,True,rho,0.2673097444102053
conj_neg_companies:368,conjunction,True,L,0.3014941042786008
conj_neg_companies:368,conjunction,True,rho,0.37616509300460277
conj_neg_companies:369,conjunction,True,L,0.4235982319490668
conj_neg_companies:369,conjunction,True,rho,0.45863906761184303
conj_neg_companies:370,conjunction,True,L,0.20864634439542468
conj_neg_companies:370,conjunction,True,rho,0.2944294372581988
conj_neg_companies:371,conjunction,True,L,0.19006134884214482
conj_neg_companies:371,conjunction,True,rho,0.27542674163833275
conj_neg_companies:372,conjunction,True,L,0.10375433400964745
conj_neg_companies:372,conjunction,True,rho,0.15015064876799247
conj_neg_companies:373,conjunction,True,L,0.4291035156868617
conj_neg_companies:373,conjunction,True,rho,0.4618468323948132
conj_neg_companies:374,conjunction,True,L,0.033289177776026975
conj_neg_companies:374,conjunction,True,rho,0.04755896824110649
conj_neg_companies:375,conjunction,True,L,0.4733830264622932
conj_neg_companies:375,conjunction,True,rho,0.48632759519423485
conj_neg_companies:376,conjunction,True,L,0.2303252992520023
conj_neg_companies:376,conjunction,True,rho,0.31537357323907717
conj_neg_companies:377,conjunction,True,L,0.22920613968589798
conj_neg_companies:377,conjunction,True,rho,0.3143228330258263
conj_neg_companies:378,conjunction,True,L,0.05496141870709198
conj_neg_companies:378,conjunction,True,rho,0.09903646785958017
conj_neg_companies:379,conjunction,True,L,0.40226537498226295
conj_neg_companies:379,conjunction,True,rho,0.445839313062602
conj_neg_companies:380,conjunction,True,L,0.19190563431491564
conj_neg_companies:380,conjunction,True,rho,0.27735810318256693
conj_neg_companies:381,conjunction,True,L,0.28918413923085057
conj_neg_companies:381,conjunction,True,rho,0.36643430202828625
conj_neg_companies:382,conjunction,True,L,0.18170445252240197
conj_neg_companies:382,conjunction,True,rho,0.26654432408365536
conj_neg_companies:383,conjunction,True,L,0.414961018304735
conj_neg_companies:383,conjunction,True,rho,0.4535286312782876
conj_neg_companies:384,conjunction,True,L,0.14356008764545025
conj_neg_companies:384,conjunction,True,rho,0.22307176967838985
conj_neg_companies:385,conjunction,True,L,0.3369305198024662
conj_neg_companies:385,conjunction,True,rho,0.4025788423655397
conj_neg_companies:386,conjunction,True,L,0.44225706864934006
conj_neg_companies:386,conjunction,True,rho,0.4693592474538661
conj_neg_companies:387,conjunction,True,L,0.0749087422209056
conj_neg_companies:387,conjunction,True,rho,0.1302967527185772
conj_neg_companies:388,conjunction,True,L,0.1320986811391343
conj_neg_companies:388,conjunction,True,rho,0.198499425193805
conj_neg_companies:389,conjunction,True,L,0.2052194342861443
conj_neg_companies:389,conjunction,True,rho,0.2910008208918362
conj_neg_companies:390,conjunction,True,L,0.29031381683507446
conj_neg_companies:390,conjunction,True,rho,0.3673399232695664
conj_neg_companies:391,conjunction,True,L,0.15502360376367263
conj_neg_companies:391,conjunction,True,rho,0.23666872899377817
conj_neg_companies:392,conjunction,True,L,0.126518603046814
conj_neg_companies:392,conjunction,True,rho,0.20193910034202198
conj_neg_companies:393,conjunction,True,L,0.1681707002413993
conj_neg_companies:393,conjunction,True,rho,0.2516882290418331
conj_neg_companies:394,conjunction,True,L,0.2944879434340325
conj_neg_companies:394,conjunction,True,rho,0.3706638292850119
conj_neg_companies:395,conjunction,True,L,0.4066109680893912
conj_neg_companies:395,conjunction,True,rho,0.4484955316019292
conj_neg_companies:396,conjunction,True,L,0.22860161897040832
conj_neg_companies:396,conjunction,True,rho,0.31375392672534375
conj_neg_companies:397,conjunction,True,L,0.19199413390239167
conj_neg_companies:397,conjunction,True,rho,0.27745052233271256
conj_neg_companies:398,conjunction,True,L,0.34608338636965813
conj_neg_companies:398,conjunction,True,rho,0.40904169960672476
conj_neg_companies:399,conjunction,True,L,0.15687599473348296
conj_neg_companies:399,conjunction,True,rho,0.23882132395039482
conj_neg_companies:400,conjunction,True,L,0.15441367340019513
conj_neg_companies:400,conjunction,True,rho,0.23595728462991053
conj_neg_companies:401,conjunction,True,L,0.21656179995714997
conj_neg_companies:401,conjunction,True,rho,0.30222347879847955
conj_neg_companies:402,conjunction,True,L,0.17529945530537963
conj_neg_companies:402,conjunction,True,rho,0.2082025045078947
conj_neg_companies:403,conjunction,True,L,0.27539939900229204
conj_neg_companies:403,conjunction,True,rho,0.35517102457991195
conj_neg_companies:404,conjunction,True,L,0.09964756155320174
conj_neg_companies:404,conjunction,True,rho,0.13003485761275885
conj_neg_companies:405,conjunction,True,L,0.42922444481577493
conj_neg_companies:405,conjunction,True,rho,0.46191686756677125
conj_neg_companies:406,conjunction,True,L,0.1867804976329946
conj_neg_companies:406,conjunction,True,rho,0.2719653488658137
conj_neg_companies:407,conjunction,True,L,0.3130861949715654
conj_neg_companies:407,conjunction,True,rho,0.38505904651660505
conj_neg_companies:408,conjunction,True,L,0.26123551522903965
conj_neg_companies:408,conjunction,True,rho,0.34317305223264494
conj_neg_companies:409,conjunction,True,L,0.1541024829713843
conj_neg_companies:409,conjunction,True,rho,0.2355937899384582
conj_neg_companies:410,conjunction,True,L,0.3677006338740918
conj_neg_companies:410,conjunction,True,rho,0.42376439467652527
conj_neg_companies:411,conjunction,True,L,0.25672416665122294
conj_neg_companies:411,conjunction,True,rho,0.3392572590714525
conj_neg_companies:412,conjunction,True,L,0.20362911087577956
conj_neg_companies:412,conjunction,True,rho,0.2893983601990692
conj_neg_companies:413,conjunction,True,L,0.33688520967824037
conj_neg_companies:413,conjunction,True,rho,0.40254649715671775
conj_neg_companies:414,conjunction,True,L,0.1701489331924701
conj_neg_companies:414,conjunction,True,rho,0.25389719324316573
conj_neg_companies:415,conjunction,True,L,0.18165547503322071
conj_neg_companies:415,conjunction,True,rho,0.26649162470875437
conj_neg_companies:416,conjunction,True,L,0.3665333908831314
conj_neg_companies:416,conjunction,True,rho,0.42298819034495283
conj_neg_companies:417,conjunction,True,L,0.4375930400904085
conj_neg_companies:417,conjunction,True,rho,0.4667195908879754
conj_neg_companies:418,conjunction,True,L,0.38486408732726685
conj_neg_companies:418,conjunction,True,rho,0.4349414704915299
conj_neg_companies:419,conjunction,True,L,0.26155259258978375
conj_neg_companies:419,conjunction,True,rho,0.3434465263920008
conj_neg_companies:420,conjunction,True,L,0.32876147279483275
conj_neg_companies:420,conjunction,True,rho,0.3966901015392888
conj_neg_companies:421,conjunction,True,L,0.23377409744132105
conj_neg_companies:421,conjunction,True,rho,0.31859137336203897
conj_neg_companies:422,conjunction,True,L,0.10812180225144025
conj_neg_companies:422,conjunction,True,rho,0.1777962931951173
conj_neg_companies:423,conjunction,True,L,0.38570545624767405
conj_neg_companies:423,conjunction,True,rho,0.4354782433899982
conj_neg_companies:424,conjunction,True,L,0.2675151647854834
conj_neg_companies:424,conjunction,True,rho,0.3485470738030987
conj_neg_companies:425,conjunction,True,L,0.15765056706795372
conj_neg_companies:425,conjunction,True,rho,0.23971783035300318
conj_neg_companies:426,conjunction,True,L,0.27204806069804144
conj_neg_companies:426,conjunction,True,rho,0.35237192416761104
conj_neg_companies:427,conjunction,True,L,0.1956391863376315
conj_neg_companies:427,conjunction,True,rho,0.2812365809459693
conj_neg_companies:428,conjunction,True,L,0.24676907536348985
conj_neg_companies:428,conjunction,True,rho,0.33044897479635854
conj_neg_companies:429,conjunction,True,L,0.42729878582691966
conj_neg_companies:429,conjunction,True,rho,0.46079946653426856
conj_neg_companies:430,conjunction,True,L,0.3432511563213254
conj_neg_companies:430,conjunction,True,rho,0.4070568462885423
conj_neg_companies:431,conjunction,True,L,0.25611551433040614
conj_neg_companies:431,conjunction,True,rho,0.33872537922623447
conj_neg_companies:432,conjunction,True,L,0.12287045865738871
conj_neg_companies:432,conjunction,True,rho,0.19726486775795848
conj_neg_companies:433,conjunction,True,L,0.34562790937461596
conj_neg_companies:433,conjunction,True,rho,0.4087233942292953
conj_neg_companies:434,conjunction,True,L,0.4273387616673572
conj_neg_companies:434,conjunction,True,rho,0.46082271046127865
conj_neg_companies:435,conjunction,True,L,0.41212734353454683
conj_neg_companies:435,conjunction,True,rho,0.4518309273982833
conj_neg_companies:436,conjunction,True,L,0.2184790863096578
conj_neg_companies:436,conjunction,True,rho,0.3040855196382085
conj_neg_companies:437,conjunction,True,L,0.38523836703391334
conj_neg_companies:437,conjunction,True,rho,0.43518037782828595
conj_neg_companies:438,conjunction,True,L,0.14776277763676665
conj_neg_companies:438,conjunction,True,rho,0.22811248614168547
conj_neg_companies:439,conjunction,True,L,0.12592777327043936
conj_neg_companies:439,conjunction,True,rho,0.20118578955599528
conj_neg_companies:440,conjunction,True,L,0.3161543343690115
conj_neg_companies:440,conjunction,True,rho,0.3873707717467902
conj_neg_companies:441,conjunction,True,L,0.3568316044845949
conj_neg_companies:441,conjunction,True,rho,0.41645476499345224
conj_neg_companies:442,conjunction,True,L,0.1801158303366483
conj_neg_companies:442,conjunction,True,rho,0.2648311100882527
conj_neg_companies:443,conjunction,True,L,0.3756885584206397
conj_neg_companies:443,conjunction,True,rho,0.4290207457982756
conj_neg_companies:444,conjunction,True,L,0.3590418132187466
conj_neg_companies:444,conjunction,True,rho,0.41795615497859373
conj_neg_companies:445,conjunction,True,L,0.4146625885277553
conj_neg_companies:445,conjunction,True,rho,0.45335033238343975
conj_neg_companies:446,conjunction,True,L,0.3742352941370441
conj_neg_companies:446,conjunction,True,rho,0.42807159199223477
conj_neg_companies:447,conjunction,True,L,0.2965874144647101
conj_neg_companies:447,conjunction,True,rho,0.3723224960364339
conj_neg_companies:448,conjunction,True,L,0.2997266131565383
conj_neg_companies:448,conjunction,True,rho,0.37478634351495566
conj_neg_companies:449,conjunction,True,L,0.4397378358014447
conj_neg_companies:449,conjunction,True,rho,0.4679367149524412
conj_neg_companies:450,conjunction,True,L,0.2640491437554087
conj_neg_companies:450,conjunction,True,rho,0.34559183255879344
conj_neg_companies:451,conjunction,True,L,0.3551928193083527
conj_neg_companies:451,conjunction,True,rho,0.415336531468563
conj_neg_companies:452,conjunction,True,L,0.1406950791539186
conj_neg_companies:452,conjunction,True,rho,0.21959756478809858
conj_neg_companies:453,conjunction,True,L,0.141520393637942
conj_neg_companies:453,conjunction,True,rho,0.2206015506933559
conj_neg_companies:454,conjunction,True,L,0.20055397478317247
conj_neg_companies:454,conjunction,True,rho,0.23126061027316094
conj_neg_companies:455,conjunction,True,L,0.08288620823734844
conj_neg_companies:455,conjunction,True,rho,0.14219963873908914
conj_neg_companies:456,conjunction,True,L,0.36892419721468295
conj_neg_companies:456,conjunction,True,rho,0.4245758127087047
conj_neg_companies:457,conjunction,True,L,0.2142929866474383
conj_neg_companies:457,conjunction,True,rho,0.300007126841929
conj_neg_companies:458,conjunction,True,L,0.2384962033788442
conj_neg_companies:458,conjunction,True,rho,0.32194618675475756
conj_neg_companies:459,conjunction,True,L,0.386570593427772
conj_neg_companies:459,conjunction,True,rho,0.4360291174706839
conj_neg_companies:460,conjunction,True,L,0.23759101987826042
conj_neg_companies:460,conjunction,True,rho,0.3221175603757685
conj_neg_companies:461,conjunction,True,L,0.08560111565012668
conj_neg_companies:461,conjunction,True,rho,0.14617649004150796
conj_neg_companies:462,conjunction,True,L,0.36082010525155556
conj_neg_companies:462,conjunction,True,rho,0.4191585478200626
conj_neg_companies:463,conjunction,True,L,0.4238236380958358
conj_neg_companies:463,conjunction,True,rho,0.4587711556822809
conj_neg_companies:464,conjunction,True,L,0.18630818202991323
conj_neg_companies:464,conjunction,True,rho,0.27146431720930986
conj_neg_companies:465,conjunction,True,L,0.47529310056220675
conj_neg_companies:465,conjunction,True,rho,0.4873336028812512
conj_neg_companies:466,conjunction,True,L,0.24146864733416257
conj_neg_companies:466,conjunction,True,rho,0.32566265371074865
conj_neg_companies:467,conjunction,True,L,0.3625319210135748
conj_neg_companies:467,conjunction,True,rho,0.4203113092760182
conj_neg_companies:468,conjunction,True,L,0.1869639265072523
conj_neg_companies:468,conjunction,True,rho,0.27215974419186406
conj_neg_companies:469,conjunction,True,L,0.08648848319044222
conj_neg_companies:469,conjunction,True,rho,0.14746834024762606
conj_neg_companies:470,conjunction,True,L,0.2565131002960293
conj_neg_companies:470,conjunction,True,rho,0.3390729125452735
conj_neg_companies:471,conjunction,True,L,0.2716134821215662
conj_neg_companies:471,conjunction,True,rho,0.3520071751140995
conj_neg_companies:472,conjunction,True,L,0.3234111477352742
conj_neg_companies:472,conjunction,True,rho,0.39276994078206307
conj_neg_companies:473,conjunction,True,L,0.3214710756270911
conj_neg_companies:473,conjunction,True,rho,0.3913358426913423
conj_neg_companies:474,conjunction,True,L,0.17365364422557733
conj_neg_companies:474,conjunction,True,rho,0.20665172788837338
conj_neg_companies:475,conjunction,True,L,0.03907795987960383
conj_neg_companies:475,conjunction,True,rho,0.07249036834733769
conj_neg_companies:476,conjunction,True,L,0.0903229589812845
conj_neg_companies:476,conjunction,True,rho,0.1530060073170016
conj_neg_companies:477,conjunction,True,L,0.41901985920983387
conj_neg_companies:477,conjunction,True,rho,0.4559421159517748
conj_neg_companies:478,conjunction,True,L,0.3538151730770782
conj_neg_companies:478,conjunction,True,rho,0.41439316638278756
conj_neg_companies:479,conjunction,True,L,0.20239788518905316
conj_neg_companies:479,conjunction,True,rho,0.28815275423925424
conj_neg_companies:480,conjunction,True,L,0.2212003702498206
conj_neg_companies:480,conjunction,True,rho,0.26500778762533783
conj_neg_companies:481,conjunction,True,L,0.3575840088915554
conj_neg_companies:481,conjunction,True,rho,0.41696674049897453
conj_neg_companies:482,conjunction,True,L,0.43898771931659475
conj_neg_companies:482,conjunction,True,rho,0.46751167271505384
conj_neg_companies:483,conjunction,True,L,0.0933236280515099
conj_neg_companies:483,conjunction,True,rho,0.15728958638978688
conj_neg_companies:484,conjunction,True,L,0.20038792460992894
conj_neg_companies:484,conjunction,True,rho,0.28610990790786706
conj_neg_companies:485,conjunction,True,L,0.4258156497228392
conj_neg_companies:485,conjunction,True,rho,0.4599356792578687
conj_neg_companies:486,conjunction,True,L,0.4181713387176938
conj_neg_companies:486,conjunction,True,rho,0.45543932933226433
conj_neg_companies:487,conjunction,True,L,0.2511973527554644
conj_neg_companies:487,conjunction,True,rho,0.3343959504570244
conj_neg_companies:488,conjunction,True,L,0.33164383388282864
conj_neg_companies:488,conjunction,True,rho,0.398781089176637
conj_neg_companies:489,conjunction,True,L,0.12956785356076955
conj_neg_companies:489,conjunction,True,rho,0.20580443049616876
conj_neg_companies:490,conjunction,True,L,0.11483535956328822
conj_neg_companies:490,conjunction,True,rho,0.18677416283418488
conj_neg_companies:491,conjunction,True,L,0.30180140091775337
conj_neg_companies:491,conjunction,True,rho,0.3764041825972206
conj_neg_companies:492,conjunction,True,L,0.36297814600537615
conj_neg_companies:492,conjunction,True,rho,0.42061105218661576
conj_neg_companies:493,conjunction,True,L,0.142128929176554
conj_neg_companies:493,conjunction,True,rho,0.22134017440830084
conj_neg_companies:494,conjunction,True,L,0.3316417435234384
conj_neg_companies:494,conjunction,True,rho,0.39877957799275815
conj_neg_companies:495,conjunction,True,L,0.2010916571797019
conj_neg_companies:495,conjunction,True,rho,0.2868264871224372
conj_neg_companies:496,conjunction,True,L,0.2240931508104987
conj_neg_companies:496,conjunction,True,rho,0.30948110827959724
conj_neg_companies:497,conjunction,True,L,0.46800812688565224
conj_neg_companies:497,conjunction,True,rho,0.4834754108845788
conj_neg_companies:498,conjunction,True,L,0.3361903793223314
conj_neg_companies:498,conjunction,True,rho,0.4020500446259476
conj_neg_companies:499,conjunction,True,L,0.4494521444619856
conj_neg_companies:499,conjunction,True,rho,0.47338051431404277
conj_neg_companies:500,conjunction,True,L,0.11232136371575971
conj_neg_companies:500,conjunction,True,rho,0.18343531741920333
conj_neg_companies:501,conjunction,True,L,0.37576916905776125
conj_neg_companies:501,conjunction,True,rho,0.4290733018862159
conj_neg_companies:502,conjunction,True,L,0.203172568096195
conj_neg_companies:502,conjunction,True,rho,0.2889369940102677
conj_neg_companies:503,conjunction,True,L,0.37618238829427225
conj_neg_companies:503,conjunction,True,rho,0.42934255849014946
conj_neg_companies:504,conjunction,True,L,0.4127181390890664
conj_neg_companies:504,conjunction,True,rho,0.45218575309676384
conj_neg_companies:505,conjunction,True,L,0.24041142778542574
conj_neg_companies:505,conjunction,True,rho,0.32469978009996087
conj_neg_companies:506,conjunction,True,L,0.2160245112784206
conj_neg_companies:506,conjunction,True,rho,0.3016998830008227
conj_neg_companies:507,conjunction,True,L,0.2411829083219862
conj_neg_companies:507,conjunction,True,rho,0.3254026848352675
conj_neg_companies:508,conjunction,True,L,0.4098221301547267
conj_neg_companies:508,conjunction,True,rho,0.45044203319722637
conj_neg_companies:509,conjunction,True,L,0.4022824249094931
conj_neg_companies:509,conjunction,True,rho,0.44584978472771036
conj_neg_companies:510,conjunction,True,L,0.39730854478328714
conj_neg_companies:510,conjunction,True,rho,0.44277806903002676
conj_neg_companies:511,conjunction,True,L,0.38543125903343195
conj_neg_companies:511,conjunction,True,rho,0.4353034242931318
conj_neg_companies:512,conjunction,True,L,0.29370986598165155
conj_neg_companies:512,conjunction,True,rho,0.3700468881262985
conj_neg_companies:513,conjunction,True,L,0.37931266835547556
conj_neg_companies:513,conjunction,True,rho,0.431374051581539
conj_neg_companies:514,conjunction,True,L,0.10578933131221141
conj_neg_companies:514,conjunction,True,rho,0.17463056188701645
conj_neg_companies:515,conjunction,True,L,0.2998864707500231
conj_neg_companies:515,conjunction,True,rho,0.37491129268486195
conj_neg_companies:516,conjunction,True,L,0.1817589658891965
conj_neg_companies:516,conjunction,True,rho,0.26660297111330833
conj_neg_companies:517,conjunction,True,L,0.3297251606310816
conj_neg_companies:517,conjunction,True,rho,0.397390818400994
conj_neg_companies:518,conjunction,True,L,0.3962871499944224
conj_neg_companies:518,conjunction,True,rho,0.4421430676506834
conj_neg_companies:519,conjunction,True,L,0.20224976320769206
conj_neg_companies:519,conjunction,True,rho,0.2880026079095682
conj_neg_companies:520,conjunction,True,L,0.31061809485440656
conj_neg_companies:520,conjunction,True,rho,0.3831867272962812
conj_neg_companies:521,conjunction,True,L,0.28291320538368525
conj_neg_companies:521,conjunction,True,rho,0.36135960338673423
conj_neg_companies:522,conjunction,True,L,0.24270488062291973
conj_neg_companies:522,conjunction,True,rho,0.3267850891451782
conj_neg_companies:523,conjunction,True,L,0.33567170027325405
conj_neg_companies:523,conjunction,True,rho,0.4016789130988804
conj_neg_companies:524,conjunction,True,L,0.20465141776345264
conj_neg_companies:524,conjunction,True,rho,0.29042929965714326
conj_neg_companies:525,conjunction,True,L,0.21886075387407494
conj_neg_companies:525,conjunction,True,rho,0.3044550042474754
conj_neg_companies:526,conjunction,True,L,0.1670268665005183
conj_neg_companies:526,conjunction,True,rho,0.2504050059884484
conj_neg_companies:527,conjunction,True,L,0.2307091400154142
conj_neg_companies:527,conjunction,True,rho,0.31573320680037975
conj_neg_companies:528,conjunction,True,L,0.14123587921696018
conj_neg_companies:528,conjunction,True,rho,0.22025573395772696
conj_neg_companies:529,conjunction,True,L,0.46739259544036404
conj_neg_companies:529,conjunction,True,rho,0.48314675721453454
conj_neg_companies:530,conjunction,True,L,0.39122366158006827
conj_neg_companies:530,conjunction,True,rho,0.43897360275024555
conj_neg_companies:531,conjunction,True,L,0.24713693745675513
conj_neg_companies:531,conjunction,True,rho,0.3307786365080626
conj_neg_companies:532,conjunction,True,L,0.2786776710110755
conj_neg_companies:532,conjunction,True,rho,0.35788578687408096
conj_neg_companies:533,conjunction,True,L,0.16593960414757614
conj_neg_companies:533,conjunction,True,rho,0.2491811616460086
conj_neg_companies:534,conjunction,True,L,0.2015389173718865
conj_neg_companies:534,conjunction,True,rho,0.28728116485239924
conj_neg_companies:535,conjunction,True,L,0.3282734305183484
conj_neg_companies:535,conjunction,True,rho,0.39633461417796423
conj_neg_companies:536,conjunction,True,L,0.18336576660064602
conj_neg_companies:536,conjunction,True,rho,0.2683274105356285
conj_neg_companies:537,conjunction,True,L,0.1288586106698963
conj_neg_companies:537,conjunction,True,rho,0.20490871633709315
conj_neg_companies:538,conjunction,True,L,0.4655764127235492
conj_neg_companies:538,conjunction,True,rho,0.48217459186924727
conj_neg_companies:539,conjunction,True,L,0.25518781275255814
conj_neg_companies:539,conjunction,True,rho,0.3379130442034452
conj_neg_companies:540,conjunction,True,L,0.1437573761948111
conj_neg_companies:540,conjunction,True,rho,0.22330987031876406
conj_neg_companies:541,conjunction,True,L,0.4232235132199005
conj_neg_companies:541,conjunction,True,rho,0.4584193395853144
conj_neg_companies:542,conjunction,True,L,0.3407877081670141
conj_neg_companies:542,conjunction,True,rho,0.4053195650421188
conj_neg_companies:543,conjunction,True,L,0.2679070055664062
conj_neg_companies:543,conjunction,True,rho,0.3488794914285209
conj_neg_companies:544,conjunction,True,L,0.3941125178013201
conj_neg_companies:544,conjunction,True,rho,0.4407862656597941
conj_neg_companies:545,conjunction,True,L,0.25865035611284304
conj_neg_companies:545,conjunction,True,rho,0.34093486416866703
conj_neg_companies:546,conjunction,True,L,0.3919980023101611
conj_neg_companies:546,conjunction,True,rho,0.43946062804505853
conj_neg_companies:547,conjunction,True,L,0.169268042663747
conj_neg_companies:547,conjunction,True,rho,0.2529151728058686
conj_neg_companies:548,conjunction,True,L,0.23578129562486755
conj_neg_companies:548,conjunction,True,rho,0.32045024387936993
conj_neg_companies:549,conjunction,True,L,0.45644761173092896
conj_neg_companies:549,conjunction,True,rho,0.4772322144282151
