family_id,kind,labels_consistent,normalization,rate
neg_facts:pair:0,negation_pair,True,L,0.0
neg_facts:pair:1,negation_pair,True,L,0.0
neg_facts:pair:2,negation_pair,True,L,0.0
neg_facts:pair:3,negation_pair,True,L,0.0
neg_facts:pair:4,negation_pair,True,L,0.0
neg_facts:pair:5,negation_pair,True,L,0.0
neg_facts:pair:6,negation_pair,True,L,0.0
neg_facts:pair:7,negation_pair,True,L,0.0
neg_facts:pair:8,negation_pair,True,L,0.0
neg_facts:pair:9,negation_pair,True,L,0.0
neg_facts:pair:10,negation_pair,True,L,0.0
neg_facts:pair:11,negation_pair,True,L,0.0
neg_facts:pair:12,negation_pair,True,L,0.0
neg_facts:pair:13,negation_pair,True,L,0.0
neg_facts:pair:14,negation_pair,True,L,0.0
neg_facts:pair:15,negation_pair,True,L,0.0
neg_facts:pair:16,negation_pair,True,L,0.0
neg_facts:pair:17,negation_pair,True,L,0.0
neg_facts:pair:18,negation_pair,True,L,0.0
neg_facts:pair:19,negation_pair,True,L,0.0
neg_facts:pair:20,negation_pair,True,L,0.0
neg_facts:pair:21,negation_pair,True,L,0.0
neg_facts:pair:22,negation_pair,True,L,0.0
neg_facts:pair:23,negation_pair,True,L,0.0
neg_facts:pair:24,negation_pair,True,L,0.0
neg_facts:pair:25,negation_pair,True,L,0.0
neg_facts:pair:26,negation_pair,True,L,0.0
neg_facts:pair:27,negation_pair,True,L,0.0
neg_facts:pair:28,negation_pair,True,L,0.0
neg_facts:pair:29,negation_pair,True,L,0.0
neg_facts:pair:30,negation_pair,True,L,0.0
neg_facts:pair:31,negation_pair,True,L,0.0
neg_facts:pair:32,negation_pair,True,L,0.0
neg_facts:pair:33,negation_pair,True,L,0.0
neg_facts:pair:34,negation_pair,True,L,0.0
neg_facts:pair:35,negation_pair,True,L,0.0
neg_facts:pair:36,negation_pair,True,L,0.0
neg_facts:pair:37,negation_pair,True,L,0.0
neg_facts:pair:38,negation_pair,True,L,0.0
neg_facts:pair:39,negation_pair,True,L,0.0
neg_facts:pair:40,negation_pair,True,L,0.0
neg_facts:pair:41,negation_pair,True,L,0.0
neg_facts:pair:42,negation_pair,True,L,0.0
neg_facts:pair:43,negation_pair,True,L,0.0
neg_facts:pair:44,negation_pair,True,L,0.0
neg_facts:pair:45,negation_pair,True,L,0.0
neg_facts:pair:46,negation_pair,True,L,0.0
neg_facts:pair:47,negation_pair,True,L,0.0
neg_facts:pair:48,negation_pair,True,L,0.0
neg_facts:pair:49,negation_pair,True,L,0.0
neg_facts:pair:50,negation_pair,True,L,0.0
neg_facts:pair:51,negation_pair,True,L,0.0
neg_facts:pair:52,negation_pair,True,L,0.0
neg_facts:pair:53,negation_pair,True,L,0.0
neg_facts:pair:54,negation_pair,True,L,0.0
neg_facts:pair:55,negation_pair,True,L,0.0
neg_facts:pair:56,negation_pair,True,L,0.0
neg_facts:pair:57,negation_pair,True,L,0.0
neg_facts:pair:58,negation_pair,True,L,0.0
neg_facts:pair:59,negation_pair,True,L,0.0
neg_facts:pair:60,negation_pair,True,L,0.0
neg_facts:pair:61,negation_pair,True,L,0.0
neg_facts:pair:62,negation_pair,True,L,0.0
neg_facts:pair:63,negation_pair,True,L,0.0
neg_facts:pair:64,negation_pair,True,L,0.0
neg_facts:pair:65,negation_pair,True,L,0.0
neg_facts:pair:66,negation_pair,True,L,0.0
neg_facts:pair:67,negation_pair,True,L,0.0
neg_facts:pair:68,negation_pair,True,L,0.0
neg_facts:pair:69,negation_pair,True,L,0.0
neg_facts:pair:70,negation_pair,True,L,0.0
neg_facts:pair:71,negation_pair,True,L,0.0
neg_facts:pair:72,negation_pair,True,L,0.0
neg_facts:pair:73,negation_pair,True,L,0.0
neg_facts:pair:74,negation_pair,True,L,0.0
neg_facts:pair:75,negation_pair,True,L,0.0
neg_facts:pair:76,negation_pair,True,L,0.0
neg_facts:pair:77,negation_pair,True,L,0.0
neg_facts:pair:78,negation_pair,True,L,0.0
neg_facts:pair:79,negation_pair,True,L,0.0
neg_facts:pair:80,negation_pair,True,L,0.0
neg_facts:pair:81,negation_pair,True,L,0.0
neg_facts:pair:82,negation_pair,True,L,0.0
neg_facts:pair:83,negation_pair,True,L,0.0
neg_facts:pair:84,negation_pair,True,L,0.0
neg_facts:pair:85,negation_pair,True,L,0.0
neg_facts:pair:86,negation_pair,True,L,0.0
neg_facts:pair:87,negation_pair,True,L,0.0
neg_facts:pair:88,negation_pair,True,L,0.0
neg_facts:pair:89,negation_pair,True,L,0.0
neg_facts:pair:90,negation_pair,True,L,0.0
neg_facts:pair:91,negation_pair,True,L,0.0
neg_facts:pair:92,negation_pair,True,L,0.0
neg_facts:pair:93,negation_pair,True,L,0.0
neg_facts:pair:94,negation_pair,True,L,0.0
neg_facts:pair:95,negation_pair,True,L,0.0
neg_facts:pair:96,negation_pair,True,L,0.0
neg_facts:pair:97,negation_pair,True,L,0.0
neg_facts:pair:98,negation_pair,True,L,0.0
neg_facts:pair:99,negation_pair,True,L,0.0
neg_facts:pair:100,negation_pair,True,L,0.0
neg_facts:pair:101,negation_pair,True,L,0.0
neg_facts:pair:102,negation_pair,True,L,0.0
neg_facts:pair:103,negation_pair,True,L,0.0
neg_facts:pair:104,negation_pair,True,L,0.0
neg_facts:pair:105,negation_pair,True,L,0.0
neg_facts:pair:106,negation_pair,True,L,0.0
neg_facts:pair:107,negation_pair,True,L,0.0
neg_facts:pair:108,negation_pair,True,L,0.0
neg_facts:pair:109,negation_pair,True,L,0.0
neg_facts:pair:110,negation_pair,True,L,0.0
neg_facts:pair:111,negation_pair,True,L,0.0
neg_facts:pair:112,negation_pair,True,L,0.0
neg_facts:pair:113,negation_pair,True,L,0.0
neg_facts:pair:114,negation_pair,True,L,0.0
neg_facts:pair:115,negation_pair,True,L,0.0
neg_facts:pair:116,negation_pair,True,L,0.0
neg_facts:pair:117,negation_pair,True,L,0.0
neg_facts:pair:118,negation_pair,True,L,0.0
neg_facts:pair:120,negation_pair,True,L,0.0
neg_facts:pair:121,negation_pair,True,L,0.0
neg_facts:pair:122,negation_pair,True,L,0.0
neg_facts:pair:123,negation_pair,True,L,0.0
neg_facts:pair:125,negation_pair,True,L,0.0
neg_facts:pair:127,negation_pair,True,L,0.0
neg_facts:pair:128,negation_pair,True,L,0.0
neg_facts:pair:129,negation_pair,True,L,0.0
neg_facts:pair:130,negation_pair,True,L,0.0
neg_facts:pair:131,negation_pair,True,L,0.0
neg_facts:pair:132,negation_pair,True,L,0.0
neg_facts:pair:133,negation_pair,True,L,0.0
neg_facts:pair:134,negation_pair,True,L,0.0
neg_facts:pair:135,negation_pair,True,L,0.0
neg_facts:pair:136,negation_pair,True,L,0.0
neg_facts:pair:137,negation_pair,True,L,0.0
neg_facts:pair:138,negation_pair,True,L,0.0
neg_facts:pair:139,negation_pair,True,L,0.0
neg_facts:pair:140,negation_pair,True,L,0.0
neg_facts:pair:141,negation_pair,True,L,0.0
neg_facts:pair:142,negation_pair,True,L,0.0
neg_facts:pair:143,negation_pair,True,L,0.0
neg_facts:pair:144,negation_pair,True,L,0.0
neg_facts:pair:145,negation_pair,True,L,0.0
neg_facts:pair:146,negation_pair,True,L,0.0
neg_facts:pair:147,negation_pair,True,L,0.0
neg_facts:pair:148,negation_pair,True,L,0.0
neg_facts:pair:149,negation_pair,True,L,0.0
neg_facts:pair:150,negation_pair,True,L,0.0
neg_facts:pair:151,negation_pair,True,L,0.0
neg_facts:pair:152,negation_pair,True,L,0.0
neg_facts:pair:153,negation_pair,True,L,0.0
neg_facts:pair:154,negation_pair,True,L,0.0
neg_facts:pair:155,negation_pair,True,L,0.0
neg_facts:pair:156,negation_pair,True,L,0.0
neg_facts:pair:157,negation_pair,True,L,0.0
neg_facts:pair:158,negation_pair,True,L,0.0
neg_facts:pair:159,negation_pair,True,L,0.0
neg_facts:pair:160,negation_pair,True,L,0.0
neg_facts:pair:161,negation_pair,True,L,0.0
neg_facts:pair:162,negation_pair,True,L,0.0
neg_facts:pair:163,negation_pair,True,L,0.0
neg_facts:pair:164,negation_pair,True,L,0.0
neg_facts:pair:165,negation_pair,True,L,0.0
neg_facts:pair:166,negation_pair,True,L,0.0
neg_facts:pair:167,negation_pair,True,L,0.0
neg_facts:pair:168,negation_pair,True,L,0.0
neg_facts:pair:169,negation_pair,True,L,0.0
neg_facts:pair:170,negation_pair,True,L,0.0
neg_facts:pair:171,negation_pair,True,L,0.0
neg_facts:pair:172,negation_pair,True,L,0.0
neg_facts:pair:173,negation_pair,True,L,0.0
neg_facts:pair:174,negation_pair,True,L,0.0
neg_facts:pair:175,negation_pair,True,L,0.0
neg_facts:pair:176,negation_pair,True,L,0.0
neg_facts:pair:177,negation_pair,True,L,0.0
neg_facts:pair:179,negation_pair,True,L,0.0
neg_facts:pair:180,negation_pair,True,L,0.0
neg_facts:pair:181,negation_pair,True,L,0.0
neg_facts:pair:182,negation_pair,True,L,0.0
neg_facts:pair:183,negation_pair,True,L,0.0
neg_facts:pair:184,negation_pair,True,L,0.0
neg_facts:pair:185,negation_pair,True,L,0.0
neg_facts:pair:186,negation_pair,True,L,0.0
neg_facts:pair:187,negation_pair,True,L,0.0
neg_facts:pair:188,negation_pair,True,L,0.0
neg_facts:pair:189,negation_pair,True,L,0.0
neg_facts:pair:190,negation_pair,True,L,0.0
neg_facts:pair:191,negation_pair,True,L,0.0
neg_facts:pair:192,negation_pair,True,L,0.0
neg_facts:pair:193,negation_pair,True,L,0.0
neg_facts:pair:194,negation_pair,True,L,0.0
neg_facts:pair:195,negation_pair,True,L,0.0
neg_facts:pair:196,negation_pair,True,L,0.0
neg_facts:pair:197,negation_pair,True,L,0.0
neg_facts:pair:198,negation_pair,True,L,0.0
neg_facts:pair:199,negation_pair,True,L,0.0
neg_facts:pair:200,negation_pair,True,L,0.0
neg_facts:pair:201,negation_pair,True,L,0.0
neg_facts:pair:202,negation_pair,True,L,0.0
neg_facts:pair:203,negation_pair,True,L,0.0
neg_facts:pair:204,negation_pair,True,L,0.0
neg_facts:pair:205,negation_pair,True,L,0.0
neg_facts:pair:206,negation_pair,True,L,0.0
neg_facts:pair:207,negation_pair,True,L,0.0
neg_facts:pair:208,negation_pair,True,L,0.0
neg_facts:pair:209,negation_pair,True,L,0.0
neg_facts:pair:210,negation_pair,True,L,0.0
neg_facts:pair:211,negation_pair,True,L,0.0
neg_facts:pair:212,negation_pair,True,L,0.0
neg_facts:pair:213,negation_pair,True,L,0.0
neg_facts:pair:214,negation_pair,True,L,0.0
neg_facts:pair:215,negation_pair,True,L,0.0
neg_facts:pair:216,negation_pair,True,L,0.0
neg_facts:pair:217,negation_pair,True,L,0.0
neg_facts:pair:218,negation_pair,True,L,0.0
neg_facts:pair:219,negation_pair,True,L,0.0
neg_facts:pair:220,negation_pair,True,L,0.0
neg_facts:pair:221,negation_pair,True,L,0.0
neg_facts:pair:222,negation_pair,True,L,0.0
neg_facts:pair:223,negation_pair,True,L,0.0
neg_facts:pair:224,negation_pair,True,L,0.0
neg_facts:pair:225,negation_pair,True,L,0.0
neg_facts:pair:226,negation_pair,True,L,0.0
neg_facts:pair:227,negation_pair,True,L,0.0
neg_facts:pair:228,negation_pair,True,L,0.0
neg_facts:pair:229,negation_pair,True,L,0.0
neg_facts:pair:230,negation_pair,True,L,0.0
neg_facts:pair:231,negation_pair,True,L,0.0
neg_facts:pair:232,negation_pair,True,L,0.0
neg_facts:pair:233,negation_pair,True,L,0.0
neg_facts:pair:234,negation_pair,True,L,0.0
neg_facts:pair:235,negation_pair,True,L,0.0
neg_facts:pair:236,negation_pair,True,L,0.0
neg_facts:pair:237,negation_pair,True,L,0.0
neg_facts:pair:238,negation_pair,True,L,0.0
neg_facts:pair:239,negation_pair,True,L,0.0
neg_facts:pair:240,negation_pair,True,L,0.0
neg_facts:pair:241,negation_pair,True,L,0.0
neg_facts:pair:242,negation_pair,True,L,0.0
neg_facts:pair:243,negation_pair,True,L,0.0
neg_facts:pair:244,negation_pair,True,L,0.0
neg_facts:pair:245,negation_pair,True,L,0.0
neg_facts:pair:246,negation_pair,True,L,0.0
neg_facts:pair:247,negation_pair,True,L,0.0
neg_facts:pair:248,negation_pair,True,L,0.0
neg_facts:pair:249,negation_pair,True,L,0.0
neg_facts:pair:250,negation_pair,True,L,0.0
neg_facts:pair:251,negation_pair,True,L,0.0
neg_facts:pair:252,negation_pair,True,L,0.0
neg_facts:pair:253,negation_pair,True,L,0.0
neg_facts:pair:254,negation_pair,True,L,0.0
neg_facts:pair:255,negation_pair,True,L,0.0
neg_facts:pair:256,negation_pair,True,L,0.0
neg_facts:pair:257,negation_pair,True,L,0.0
neg_facts:pair:258,negation_pair,True,L,0.0
neg_facts:pair:259,negation_pair,True,L,0.0
neg_facts:pair:260,negation_pair,True,L,0.0
neg_facts:pair:261,negation_pair,True,L,0.0
neg_facts:pair:262,negation_pair,True,L,0.0
neg_facts:pair:263,negation_pair,True,L,0.0
neg_facts:pair:264,negation_pair,True,L,0.0
neg_facts:pair:266,negation_pair,True,L,0.0
neg_facts:pair:267,negation_pair,True,L,0.0
neg_facts:pair:268,negation_pair,True,L,0.0
neg_facts:pair:269,negation_pair,True,L,0.0
neg_facts:pair:270,negation_pair,True,L,0.0
neg_facts:pair:271,negation_pair,True,L,0.0
neg_facts:pair:272,negation_pair,True,L,0.0
neg_facts:pair:273,negation_pair,True,L,0.0
neg_facts:pair:274,negation_pair,True,L,0.0
neg_facts:pair:275,negation_pair,True,L,0.0
neg_facts:pair:276,negation_pair,True,L,0.0
neg_facts:pair:277,negation_pair,True,L,0.0
neg_facts:pair:278,negation_pair,True,L,0.0
neg_facts:pair:279,negation_pair,True,L,0.0
neg_facts:pair:280,negation_pair,True,L,0.0
neg_facts:pair:281,negation_pair,True,L,0.0
neg_facts:pair:282,negation_pair,True,L,0.0
neg_facts:pair:283,negation_pair,True,L,0.0
neg_facts:pair:284,negation_pair,True,L,0.0
neg_facts:pair:285,negation_pair,True,L,0.0
neg_facts:pair:286,negation_pair,True,L,0.0
neg_facts:pair:287,negation_pair,True,L,0.0
neg_facts:pair:288,negation_pair,True,L,0.0
neg_facts:pair:289,negation_pair,True,L,0.0
neg_facts:pair:290,negation_pair,True,L,0.0
neg_facts:pair:291,negation_pair,True,L,0.0
neg_facts:pair:292,negation_pair,True,L,0.0
neg_facts:pair:293,negation_pair,True,L,0.0
neg_facts:pair:294,negation_pair,True,L,0.0
neg_facts:pair:295,negation_pair,True,L,0.0
neg_facts:pair:296,negation_pair,True,L,0.0
neg_facts:pair:297,negation_pair,True,L,0.0
neg_facts:pair:298,negation_pair,True,L,0.0
neg_facts:pair:299,negation_pair,True,L,0.0
neg_facts:pair:300,negation_pair,True,L,0.0
neg_facts:pair:301,negation_pair,True,L,0.0
neg_facts:pair:302,negation_pair,True,L,0.0
neg_facts:pair:303,negation_pair,True,L,0.0
neg_facts:pair:304,negation_pair,True,L,0.0
neg_facts:pair:305,negation_pair,True,L,0.0
neg_facts:pair:306,negation_pair,True,L,0.0
neg_facts:pair:307,negation_pair,True,L,0.0
neg_facts:pair:308,negation_pair,True,L,0.0
neg_facts:pair:309,negation_pair,True,L,0.0
neg_facts:pair:310,negation_pair,True,L,0.0
neg_facts:pair:311,negation_pair,True,L,0.0
neg_facts:pair:312,negation_pair,True,L,0.0
neg_facts:pair:313,negation_pair,True,L,0.0
neg_facts:pair:314,negation_pair,True,L,0.0
neg_facts:pair:316,negation_pair,True,L,0.0
neg_facts:pair:317,negation_pair,True,L,0.0
neg_facts:pair:318,negation_pair,True,L,0.0
neg_facts:pair:319,negation_pair,True,L,0.0
neg_facts:pair:320,negation_pair,True,L,0.0
neg_facts:pair:321,negation_pair,True,L,0.0
neg_facts:pair:322,negation_pair,True,L,0.0
neg_facts:pair:323,negation_pair,True,L,0.0
neg_facts:pair:324,negation_pair,True,L,0.0
neg_facts:pair:325,negation_pair,True,L,0.0
neg_facts:pair:326,negation_pair,True,L,0.0
neg_facts:pair:327,negation_pair,True,L,0.0
neg_facts:pair:328,negation_pair,True,L,0.0
neg_facts:pair:329,negation_pair,True,L,0.0
neg_facts:pair:330,negation_pair,True,L,0.0
neg_facts:pair:331,negation_pair,True,L,0.0
neg_facts:pair:332,negation_pair,True,L,0.0
neg_facts:pair:333,negation_pair,True,L,0.0
neg_facts:pair:334,negation_pair,True,L,0.0
neg_facts:pair:335,negation_pair,True,L,0.0
neg_facts:pair:337,negation_pair,True,L,0.0
neg_facts:pair:338,negation_pair,True,L,0.0
neg_facts:pair:339,negation_pair,True,L,0.0
neg_facts:pair:340,negation_pair,True,L,0.0
neg_facts:pair:341,negation_pair,True,L,0.0
neg_facts:pair:342,negation_pair,True,L,0.0
neg_facts:pair:343,negation_pair,True,L,0.0
neg_facts:pair:344,negation_pair,True,L,0.0
neg_facts:pair:345,negation_pair,True,L,0.0
neg_facts:pair:346,negation_pair,True,L,0.0
neg_facts:pair:347,negation_pair,True,L,0.0
neg_facts:pair:348,negation_pair,True,L,0.0
neg_facts:pair:349,negation_pair,True,L,0.0
neg_facts:pair:350,negation_pair,True,L,0.0
neg_facts:pair:351,negation_pair,True,L,0.0
neg_facts:pair:352,negation_pair,True,L,0.0
neg_facts:pair:353,negation_pair,True,L,0.0
neg_facts:pair:354,negation_pair,True,L,0.0
neg_facts:pair:355,negation_pair,True,L,0.0
neg_facts:pair:356,negation_pair,True,L,0.0
neg_facts:pair:357,negation_pair,True,L,0.0
neg_facts:pair:358,negation_pair,True,L,0.0
neg_facts:pair:359,negation_pair,True,L,0.0
neg_facts:pair:360,negation_pair,True,L,0.0
neg_facts:pair:361,negation_pair,True,L,0.0
neg_facts:pair:362,negation_pair,True,L,0.0
neg_facts:pair:363,negation_pair,True,L,0.0
neg_facts:pair:364,negation_pair,True,L,0.0
neg_facts:pair:365,negation_pair,True,L,0.0
neg_facts:pair:366,negation_pair,True,L,0.0
neg_facts:pair:367,negation_pair,True,L,0.0
neg_facts:pair:368,negation_pair,True,L,0.0
neg_facts:pair:369,negation_pair,True,L,0.0
neg_facts:pair:370,negation_pair,True,L,0.0
neg_facts:pair:371,negation_pair,True,L,0.0
neg_facts:pair:372,negation_pair,True,L,0.0
neg_facts:pair:373,negation_pair,True,L,0.0
neg_facts:pair:374,negation_pair,True,L,0.0
neg_facts:pair:375,negation_pair,True,L,0.0
neg_facts:pair:376,negation_pair,True,L,0.0
neg_facts:pair:377,negation_pair,True,L,0.0
neg_facts:pair:378,negation_pair,True,L,0.0
neg_facts:pair:379,negation_pair,True,L,0.0
neg_facts:pair:380,negation_pair,True,L,0.0
neg_facts:pair:382,negation_pair,True,L,0.0
neg_facts:pair:383,negation_pair,True,L,0.0
neg_facts:pair:384,negation_pair,True,L,0.0
neg_facts:pair:385,negation_pair,True,L,0.0
neg_facts:pair:386,negation_pair,True,L,0.0
neg_facts:pair:387,negation_pair,True,L,0.0
neg_facts:pair:388,negation_pair,True,L,0.0
neg_facts:pair:389,negation_pair,True,L,0.0
neg_facts:pair:390,negation_pair,True,L,0.0
neg_facts:pair:391,negation_pair,True,L,0.0
neg_facts:pair:392,negation_pair,True,L,0.0
neg_facts:pair:393,negation_pair,True,L,0.0
neg_facts:pair:394,negation_pair,True,L,0.0
neg_facts:pair:395,negation_pair,True,L,0.0
neg_facts:pair:396,negation_pair,True,L,0.0
neg_facts:pair:397,negation_pair,True,L,0.0
neg_facts:pair:398,negation_pair,True,L,0.0
neg_facts:pair:399,negation_pair,True,L,0.0
neg_facts:pair:401,negation_pair,True,L,0.0
neg_facts:pair:402,negation_pair,True,L,0.0
neg_facts:pair:403,negation_pair,True,L,0.0
neg_facts:pair:404,negation_pair,True,L,0.0
neg_facts:pair:405,negation_pair,True,L,0.0
neg_facts:pair:406,negation_pair,True,L,0.0
neg_facts:pair:407,negation_pair,True,L,0.0
neg_facts:pair:408,negation_pair,True,L,0.0
neg_facts:pair:409,negation_pair,True,L,0.0
neg_facts:pair:410,negation_pair,True,L,0.0
neg_facts:pair:411,negation_pair,True,L,0.0
neg_facts:pair:412,negation_pair,True,L,0.0
neg_facts:pair:413,negation_pair,True,L,0.0
neg_facts:pair:414,negation_pair,True,L,0.0
neg_facts:pair:415,negation_pair,True,L,0.0
neg_facts:pair:416,negation_pair,True,L,0.0
neg_facts:pair:418,negation_pair,True,L,0.0
neg_facts:pair:419,negation_pair,True,L,0.0
neg_facts:pair:420,negation_pair,True,L,0.0
neg_facts:pair:421,negation_pair,True,L,0.0
neg_facts:pair:422,negation_pair,True,L,0.0
neg_facts:pair:423,negation_pair,True,L,0.0
neg_facts:pair:424,negation_pair,True,L,0.0
neg_facts:pair:425,negation_pair,True,L,0.0
neg_facts:pair:426,negation_pair,True,L,0.0
neg_facts:pair:427,negation_pair,True,L,0.0
neg_facts:pair:428,negation_pair,True,L,0.0
neg_facts:pair:429,negation_pair,True,L,0.0
neg_facts:pair:430,negation_pair,True,L,0.0
neg_facts:pair:431,negation_pair,True,L,0.0
neg_facts:pair:432,negation_pair,True,L,0.0
neg_facts:pair:433,negation_pair,True,L,0.0
neg_facts:pair:434,negation_pair,True,L,0.0
neg_facts:pair:435,negation_pair,True,L,0.0
neg_facts:pair:436,negation_pair,True,L,0.0
neg_facts:pair:437,negation_pair,True,L,0.0
neg_facts:pair:438,negation_pair,True,L,0.0
neg_facts:pair:439,negation_pair,True,L,0.0
neg_facts:pair:440,negation_pair,True,L,0.0
neg_facts:pair:441,negation_pair,True,L,0.0
neg_facts:pair:442,negation_pair,True,L,0.0
neg_facts:pair:443,negation_pair,True,L,0.0
neg_facts:pair:444,negation_pair,True,L,0.0
neg_facts:pair:445,negation_pair,True,L,0.0
neg_facts:pair:446,negation_pair,True,L,0.0
neg_facts:pair:447,negation_pair,True,L,0.0
neg_facts:pair:448,negation_pair,True,L,0.0
neg_facts:pair:449,negation_pair,True,L,0.0
neg_facts:pair:450,negation_pair,True,L,0.0
neg_facts:pair:451,negation_pair,True,L,0.0
neg_facts:pair:452,negation_pair,True,L,0.0
neg_facts:pair:453,negation_pair,True,L,0.0
neg_facts:pair:454,negation_pair,True,L,0.0
neg_facts:pair:455,negation_pair,True,L,0.0
neg_facts:pair:456,negation_pair,True,L,0.0
neg_facts:pair:457,negation_pair,True,L,0.0
neg_facts:pair:458,negation_pair,True,L,0.0
neg_facts:pair:459,negation_pair,True,L,0.0
neg_facts:pair:460,negation_pair,True,L,0.0
neg_facts:pair:461,negation_pair,True,L,0.0
neg_facts:pair:462,negation_pair,True,L,0.0
neg_facts:pair:463,negation_pair,True,L,0.0
neg_facts:pair:464,negation_pair,True,L,0.0
neg_facts:pair:465,negation_pair,True,L,0.0
neg_facts:pair:466,negation_pair,True,L,0.0
neg_facts:pair:467,negation_pair,True,L,0.0
neg_facts:pair:468,negation_pair,True,L,0.0
neg_facts:pair:469,negation_pair,True,L,0.0
neg_facts:pair:470,negation_pair,True,L,0.0
neg_facts:pair:472,negation_pair,True,L,0.0
neg_facts:pair:474,negation_pair,True,L,0.0
neg_facts:pair:475,negation_pair,True,L,0.0
neg_facts:pair:476,negation_pair,True,L,0.0
neg_facts:pair:477,negation_pair,True,L,0.0
neg_facts:pair:478,negation_pair,True,L,0.0
neg_facts:pair:479,negation_pair,True,L,0.0
neg_facts:pair:480,negation_pair,True,L,0.0
neg_facts:pair:481,negation_pair,True,L,0.0
neg_facts:pair:482,negation_pair,True,L,0.0
neg_facts:pair:483,negation_pair,True,L,0.0
neg_facts:pair:484,negation_pair,True,L,0.0
neg_facts:pair:485,negation_pair,True,L,0.0
neg_facts:pair:486,negation_pair,True,L,0.0
neg_facts:pair:487,negation_pair,True,L,0.0
neg_facts:pair:488,negation_pair,True,L,0.0
neg_facts:pair:489,negation_pair,True,L,0.0
neg_facts:pair:490,negation_pair,True,L,0.0
neg_facts:pair:491,negation_pair,True,L,0.0
neg_facts:pair:492,negation_pair,True,L,0.0
neg_facts:pair:493,negation_pair,True,L,0.0
neg_facts:pair:494,negation_pair,True,L,0.0
neg_facts:pair:495,negation_pair,True,L,0.0
neg_facts:pair:496,negation_pair,True,L,0.0
neg_facts:pair:497,negation_pair,True,L,0.0
neg_facts:pair:498,negation_pair,True,L,0.0
neg_facts:pair:499,negation_pair,True,L,0.0
neg_facts:pair:500,negation_pair,True,L,0.0
neg_facts:pair:501,negation_pair,True,L,0.0
neg_facts:pair:502,negation_pair,True,L,0.0
neg_facts:pair:503,negation_pair,True,L,0.0
neg_facts:pair:504,negation_pair,True,L,0.0
neg_facts:pair:505,negation_pair,True,L,0.0
neg_facts:pair:506,negation_pair,True,L,0.0
neg_facts:pair:507,negation_pair,True,L,0.0
neg_facts:pair:508,negation_pair,True,L,0.0
neg_facts:pair:509,negation_pair,True,L,0.0
neg_facts:pair:510,negation_pair,True,L,0.0
neg_facts:pair:511,negation_pair,True,L,0.0
neg_facts:pair:512,negation_pair,True,L,0.0
neg_facts:pair:513,negation_pair,True,L,0.0
neg_facts:pair:514,negation_pair,True,L,0.0
neg_facts:pair:515,negation_pair,True,L,0.0
neg_facts:pair:516,negation_pair,True,L,0.0
neg_facts:pair:517,negation_pair,True,L,0.0
neg_facts:pair:518,negation_pair,True,L,0.0
neg_facts:pair:519,negation_pair,True,L,0.0
neg_facts:pair:520,negation_pair,True,L,0.0
neg_facts:pair:521,negation_pair,True,L,0.0
neg_facts:pair:522,negation_pair,True,L,0.0
neg_facts:pair:523,negation_pair,True,L,0.0
neg_facts:pair:524,negation_pair,True,L,0.0
neg_facts:pair:525,negation_pair,True,L,0.0
neg_facts:pair:526,negation_pair,True,L,0.0
neg_facts:pair:527,negation_pair,True,L,0.0
neg_facts:pair:528,negation_pair,True,L,0.0
neg_facts:pair:529,negation_pair,True,L,0.0
neg_facts:pair:530,negation_pair,True,L,0.0
neg_facts:pair:531,negation_pair,True,L,0.0
neg_facts:pair:532,negation_pair,True,L,0.0
neg_facts:pair:533,negation_pair,True,L,0.0
neg_facts:pair:534,negation_pair,True,L,0.0
neg_facts:pair:535,negation_pair,True,L,0.0
neg_facts:pair:536,negation_pair,True,L,0.0
neg_facts:pair:537,negation_pair,True,L,0.0
neg_facts:pair:538,negation_pair,True,L,0.0
neg_facts:pair:540,negation_pair,True,L,0.0
neg_facts:pair:541,negation_pair,True,L,0.0
neg_facts:pair:543,negation_pair,True,L,0.0
neg_facts:pair:544,negation_pair,True,L,0.0
neg_facts:pair:545,negation_pair,True,L,0.0
neg_facts:pair:546,negation_pair,True,L,0.0
neg_facts:pair:547,negation_pair,True,L,0.0
neg_facts:pair:548,negation_pair,True,L,0.0
neg_facts:pair:549,negation_pair,True,L,0.0
neg_facts:pair:550,negation_pair,True,L,0.0
neg_facts:pair:551,negation_pair,True,L,0.0
neg_facts:pair:552,negation_pair,True,L,0.0
neg_facts:pair:553,negation_pair,True,L,0.0
neg_facts:pair:554,negation_pair,True,L,0.0
neg_facts:pair:555,negation_pair,True,L,0.0
neg_facts:pair:556,negation_pair,True,L,0.0
neg_facts:pair:557,negation_pair,True,L,0.0
neg_facts:pair:558,negation_pair,True,L,0.0
neg_facts:pair:559,negation_pair,True,L,0.0
neg_facts:pair:560,negation_pair,True,L,0.0
conj_neg_facts:0,conjunction,True,L,0.0
conj_neg_facts:0,conjunction,True,rho,0.0
conj_neg_facts:1,conjunction,True,L,0.0
conj_neg_facts:1,conjunction,True,rho,0.0
conj_neg_facts:2,conjunction,True,L,0.0
conj_neg_facts:2,conjunction,True,rho,0.0
conj_neg_facts:3,conjunction,True,L,0.0
conj_neg_facts:3,conjunction,True,rho,0.0
conj_neg_facts:4,conjunction,True,L,0.0
conj_neg_facts:4,conjunction,True,rho,0.0
conj_neg_facts:5,conjunction,True,L,0.0
conj_neg_facts:5,conjunction,True,rho,0.0
conj_neg_facts:6,conjunction,True,L,0.0
conj_neg_facts:6,conjunction,True,rho,0.0
conj_neg_facts:7,conjunction,True,L,0.0
conj_neg_facts:7,conjunction,True,rho,0.0
conj_neg_facts:8,conjunction,True,L,0.0
conj_neg_facts:8,conjunction,True,rho,0.0
conj_neg_facts:9,conjunction,True,L,0.0
conj_neg_facts:9,conjunction,True,rho,0.0
conj_neg_facts:10,conjunction,True,L,0.0
conj_neg_facts:10,conjunction,True,rho,0.0
conj_neg_facts:11,conjunction,True,L,0.0
conj_neg_facts:11,conjunction,True,rho,0.0
conj_neg_facts:12,conjunction,True,L,0.0
conj_neg_facts:12,conjunction,True,rho,0.0
conj_neg_facts:13,conjunction,True,L,0.0
conj_neg_facts:13,conjunction,True,rho,0.0
conj_neg_facts:14,conjunction,True,L,0.0
conj_neg_facts:14,conjunction,True,rho,0.0
conj_neg_facts:15,conjunction,True,L,0.0
conj_neg_facts:15,conjunction,True,rho,0.0
conj_neg_facts:16,conjunction,True,L,0.0
conj_neg_facts:16,conjunction,True,rho,0.0
conj_neg_facts:17,conjunction,True,L,0.0
conj_neg_facts:17,conjunction,True,rho,0.0
conj_neg_facts:18,conjunction,True,L,0.0
conj_neg_facts:18,conjunction,True,rho,0.0
conj_neg_facts:19,conjunction,True,L,0.0
conj_neg_facts:19,conjunction,True,rho,0.0
conj_neg_facts:20,conjunction,True,L,0.0
conj_neg_facts:20,conjunction,True,rho,0.0
conj_neg_facts:21,conjunction,True,L,0.0
conj_neg_facts:21,conjunction,True,rho,0.0
conj_neg_facts:22,conjunction,True,L,0.0
conj_neg_facts:22,conjunction,True,rho,0.0
conj_neg_facts:23,conjunction,True,L,0.0
conj_neg_facts:23,conjunction,True,rho,0.0
conj_neg_facts:24,conjunction,True,L,0.0
conj_neg_facts:24,conjunction,True,rho,0.0
conj_neg_facts:25,conjunction,True,L,0.0
conj_neg_facts:25,conjunction,True,rho,0.0
conj_neg_facts:26,conjunction,True,L,0.0
conj_neg_facts:26,conjunction,True,rho,0.0
conj_neg_facts:27,conjunction,True,L,0.0
conj_neg_facts:27,conjunction,True,rho,0.0
conj_neg_facts:28,conjunction,True,L,0.0
conj_neg_facts:28,conjunction,True,rho,0.0
conj_neg_facts:29,conjunction,True,L,0.0
conj_neg_facts:29,conjunction,True,rho,0.0
conj_neg_facts:30,conjunction,True,L,0.0
conj_neg_facts:30,conjunction,True,rho,0.0
conj_neg_facts:31,conjunction,True,L,0.0
conj_neg_facts:31,conjunction,True,rho,0.0
conj_neg_facts:32,conjunction,True,L,0.0
conj_neg_facts:32,conjunction,True,rho,0.0
conj_neg_facts:33,conjunction,True,L,0.0
conj_neg_facts:33,conjunction,True,rho,0.0
conj_neg_facts:34,conjunction,True,L,0.0
conj_neg_facts:34,conjunction,True,rho,0.0
conj_neg_facts:35,conjunction,True,L,0.0
conj_neg_facts:35,conjunction,True,rho,0.0
conj_neg_facts:36,conjunction,True,L,0.0
conj_neg_facts:36,conjunction,True,rho,0.0
conj_neg_facts:37,conjunction,True,L,0.0
conj_neg_facts:37,conjunction,True,rho,0.0
conj_neg_facts:38,conjunction,True,L,0.0
conj_neg_facts:38,conjunction,True,rho,0.0
conj_neg_facts:40,conjunction,True,L,0.0
conj_neg_facts:40,conjunction,True,rho,0.0
conj_neg_facts:41,conjunction,True,L,0.0
conj_neg_facts:41,conjunction,True,rho,0.0
conj_neg_facts:42,conjunction,True,L,0.0
conj_neg_facts:42,conjunction,True,rho,0.0
conj_neg_facts:43,conjunction,True,L,0.0
conj_neg_facts:43,conjunction,True,rho,0.0
conj_neg_facts:44,conjunction,True,L,0.0
conj_neg_facts:44,conjunction,True,rho,0.0
conj_neg_facts:45,conjunction,True,L,0.0
conj_neg_facts:45,conjunction,True,rho,0.0
conj_neg_facts:46,conjunction,True,L,0.0
conj_neg_facts:46,conjunction,True,rho,0.0
conj_neg_facts:47,conjunction,True,L,0.0
conj_neg_facts:47,conjunction,True,rho,0.0
conj_neg_facts:48,conjunction,True,L,0.0
conj_neg_facts:48,conjunction,True,rho,0.0
conj_neg_facts:49,conjunction,True,L,0.0
conj_neg_facts:49,conjunction,True,rho,0.0
conj_neg_facts:50,conjunction,True,L,0.0
conj_neg_facts:50,conjunction,True,rho,0.0
conj_neg_facts:51,conjunction,True,L,0.0
conj_neg_facts:51,conjunction,True,rho,0.0
conj_neg_facts:52,conjunction,True,L,0.0
conj_neg_facts:52,conjunction,True,rho,0.0
conj_neg_facts:53,conjunction,True,L,0.0
conj_neg_facts:53,conjunction,True,rho,0.0
conj_neg_facts:54,conjunction,True,L,0.0
conj_neg_facts:54,conjunction,True,rho,0.0
conj_neg_facts:55,conjunction,True,L,0.0
conj_neg_facts:55,conjunction,True,rho,0.0
conj_neg_facts:56,conjunction,True,L,0.0
conj_neg_facts:56,conjunction,True,rho,0.0
conj_neg_facts:57,conjunction,True,L,0.0
conj_neg_facts:57,conjunction,True,rho,0.0
conj_neg_facts:58,conjunction,True,L,0.0
conj_neg_facts:58,conjunction,True,rho,0.0
conj_neg_facts:59,conjunction,True,L,0.0
conj_neg_facts:59,conjunction,True,rho,0.0
conj_neg_facts:60,conjunction,True,L,0.0
conj_neg_facts:60,conjunction,True,rho,0.0
conj_neg_facts:61,conjunction,True,L,0.0
conj_neg_facts:61,conjunction,True,rho,0.0
conj_neg_facts:62,conjunction,True,L,0.0
conj_neg_facts:62,conjunction,True,rho,0.0
conj_neg_facts:63,conjunction,True,L,0.0
conj_neg_facts:63,conjunction,True,rho,0.0
conj_neg_facts:64,conjunction,True,L,0.0
conj_neg_facts:64,conjunction,True,rho,0.0
conj_neg_facts:65,conjunction,True,L,0.0
conj_neg_facts:65,conjunction,True,rho,0.0
conj_neg_facts:66,conjunction,True,L,0.0
conj_neg_facts:66,conjunction,True,rho,0.0
conj_neg_facts:67,conjunction,True,L,0.0
conj_neg_facts:67,conjunction,True,rho,0.0
conj_neg_facts:68,conjunction,True,L,0.0
conj_neg_facts:68,conjunction,True,rho,0.0
conj_neg_facts:69,conjunction,True,L,0.0
conj_neg_facts:69,conjunction,True,rho,0.0
conj_neg_facts:70,conjunction,True,L,0.0
conj_neg_facts:70,conjunction,True,rho,0.0
conj_neg_facts:71,conjunction,True,L,0.0
conj_neg_facts:71,conjunction,True,rho,0.0
conj_neg_facts:72,conjunction,True,L,0.0
conj_neg_facts:72,conjunction,True,rho,0.0
conj_neg_facts:73,conjunction,True,L,0.0
conj_neg_facts:73,conjunction,True,rho,0.0
conj_neg_facts:74,conjunction,True,L,0.0
conj_neg_facts:74,conjunction,True,rho,0.0
conj_neg_facts:75,conjunction,True,L,0.0
conj_neg_facts:75,conjunction,True,rho,0.0
conj_neg_facts:76,conjunction,True,L,0.0
conj_neg_facts:76,conjunction,True,rho,0.0
conj_neg_facts:77,conjunction,True,L,0.0
conj_neg_facts:77,conjunction,True,rho,0.0
conj_neg_facts:78,conjunction,True,L,0.0
conj_neg_facts:78,conjunction,True,rho,0.0
conj_neg_facts:79,conjunction,True,L,0.0
conj_neg_facts:79,conjunction,True,rho,0.0
conj_neg_facts:80,conjunction,True,L,0.0
conj_neg_facts:80,conjunction,True,rho,0.0
conj_neg_facts:81,conjunction,True,L,0.0
conj_neg_facts:81,conjunction,True,rho,0.0
conj_neg_facts:82,conjunction,True,L,0.0
conj_neg_facts:82,conjunction,True,rho,0.0
conj_neg_facts:83,conjunction,True,L,0.0
conj_neg_facts:83,conjunction,True,rho,0.0
conj_neg_facts:84,conjunction,True,L,0.0
conj_neg_facts:84,conjunction,True,rho,0.0
conj_neg_facts:85,conjunction,True,L,0.0
conj_neg_facts:85,conjunction,True,rho,0.0
conj_neg_facts:86,conjunction,True,L,0.0
conj_neg_facts:86,conjunction,True,rho,0.0
conj_neg_facts:87,conjunction,True,L,0.0
conj_neg_facts:87,conjunction,True,rho,0.0
conj_neg_facts:88,conjunction,True,L,0.0
conj_neg_facts:88,conjunction,True,rho,0.0
conj_neg_facts:89,conjunction,True,L,0.0
conj_neg_facts:89,conjunction,True,rho,0.0
conj_neg_facts:90,conjunction,True,L,0.0
conj_neg_facts:90,conjunction,True,rho,0.0
conj_neg_facts:91,conjunction,True,L,0.0
conj_neg_facts:91,conjunction,True,rho,0.0
conj_neg_facts:92,conjunction,True,L,0.0
conj_neg_facts:92,conjunction,True,rho,0.0
conj_neg_facts:93,conjunction,True,L,0.0
conj_neg_facts:93,conjunction,True,rho,0.0
conj_neg_facts:94,conjunction,True,L,0.0
conj_neg_facts:94,conjunction,True,rho,0.0
conj_neg_facts:95,conjunction,True,L,0.0
conj_neg_facts:95,conjunction,True,rho,0.0
conj_neg_facts:96,conjunction,True,L,0.0
conj_neg_facts:96,conjunction,True,rho,0.0
conj_neg_facts:97,conjunction,True,L,0.0
conj_neg_facts:97,conjunction,True,rho,0.0
conj_neg_facts:98,conjunction,True,L,0.0
conj_neg_facts:98,conjunction,True,rho,0.0
conj_neg_facts:99,conjunction,True,L,0.0
conj_neg_facts:99,conjunction,True,rho,0.0
conj_neg_facts:100,conjunction,True,L,0.0
conj_neg_facts:100,conjunction,True,rho,0.0
conj_neg_facts:101,conjunction,True,L,0.0
conj_neg_facts:101,conjunction,True,rho,0.0
conj_neg_facts:102,conjunction,True,L,0.0
conj_neg_facts:102,conjunction,True,rho,0.0
conj_neg_facts:103,conjunction,True,L,0.0
conj_neg_facts:103,conjunction,True,rho,0.0
conj_neg_facts:104,conjunction,True,L,0.0
conj_neg_facts:104,conjunction,True,rho,0.0
conj_neg_facts:105,conjunction,True,L,0.0
conj_neg_facts:105,conjunction,True,rho,0.0
conj_neg_facts:106,conjunction,True,L,0.0
conj_neg_facts:106,conjunction,True,rho,0.0
conj_neg_facts:107,conjunction,True,L,0.0
conj_neg_facts:107,conjunction,True,rho,0.0
conj_neg_facts:108,conjunction,True,L,0.0
conj_neg_facts:108,conjunction,True,rho,0.0
conj_neg_facts:109,conjunction,True,L,0.0
conj_neg_facts:109,conjunction,True,rho,0.0
conj_neg_facts:110,conjunction,True,L,0.0
conj_neg_facts:110,conjunction,True,rho,0.0
conj_neg_facts:111,conjunction,True,L,0.0
conj_neg_facts:111,conjunction,True,rho,0.0
conj_neg_facts:112,conjunction,True,L,0.0
conj_neg_facts:112,conjunction,True,rho,0.0
conj_neg_facts:113,conjunction,True,L,0.0
conj_neg_facts:113,conjunction,True,rho,0.0
conj_neg_facts:114,conjunction,True,L,0.0
conj_neg_facts:114,conjunction,True,rho,0.0
conj_neg_facts:115,conjunction,True,L,0.0
conj_neg_facts:115,conjunction,True,rho,0.0
conj_neg_facts:116,conjunction,True,L,0.0
conj_neg_facts:116,conjunction,True,rho,0.0
conj_neg_facts:117,conjunction,False,L,0.3333333333333333
conj_neg_facts:117,conjunction,False,rho,0.3333333333333333
conj_neg_facts:118,conjunction,True,L,0.0
conj_neg_facts:118,conjunction,True,rho,0.0
conj_neg_facts:119,conjunction,True,L,0.0
conj_neg_facts:119,conjunction,True,rho,0.0
conj_neg_facts:120,conjunction,True,L,0.0
conj_neg_facts:120,conjunction,True,rho,0.0
conj_neg_facts:121,conjunction,True,L,0.0
conj_neg_facts:121,conjunction,True,rho,0.0
conj_neg_facts:122,conjunction,True,L,0.0
conj_neg_facts:122,conjunction,True,rho,0.0
conj_neg_facts:123,conjunction,True,L,0.0
conj_neg_facts:123,conjunction,True,rho,0.0
conj_neg_facts:124,conjunction,True,L,0.0
conj_neg_facts:124,conjunction,True,rho,0.0
conj_neg_facts:125,conjunction,True,L,0.0
conj_neg_facts:125,conjunction,True,rho,0.0
conj_neg_facts:126,conjunction,True,L,0.0
conj_neg_facts:126,conjunction,True,rho,0.0
conj_neg_facts:127,conjunction,True,L,0.0
conj_neg_facts:127,conjunction,True,rho,0.0
conj_neg_facts:128,conjunction,True,L,0.0
conj_neg_facts:128,conjunction,True,rho,0.0
conj_neg_facts:129,conjunction,True,L,0.0
conj_neg_facts:129,conjunction,True,rho,0.0
conj_neg_facts:130,conjunction,True,L,0.0
conj_neg_facts:130,conjunction,True,rho,0.0
conj_neg_facts:131,conjunction,True,L,0.0
conj_neg_facts:131,conjunction,True,rho,0.0
conj_neg_facts:132,conjunction,True,L,0.0
conj_neg_facts:132,conjunction,True,rho,0.0
conj_neg_facts:133,conjunction,True,L,0.0
conj_neg_facts:133,conjunction,True,rho,0.0
conj_neg_facts:134,conjunction,True,L,0.0
conj_neg_facts:134,conjunction,True,rho,0.0
conj_neg_facts:135,conjunction,True,L,0.0
conj_neg_facts:135,conjunction,True,rho,0.0
conj_neg_facts:136,conjunction,True,L,0.0
conj_neg_facts:136,conjunction,True,rho,0.0
conj_neg_facts:137,conjunction,True,L,0.0
conj_neg_facts:137,conjunction,True,rho,0.0
conj_neg_facts:138,conjunction,True,L,0.0
conj_neg_facts:138,conjunction,True,rho,0.0
conj_neg_facts:139,conjunction,True,L,0.0
conj_neg_facts:139,conjunction,True,rho,0.0
conj_neg_facts:140,conjunction,True,L,0.0
conj_neg_facts:140,conjunction,True,rho,0.0
conj_neg_facts:141,conjunction,True,L,0.0
conj_neg_facts:141,conjunction,True,rho,0.0
conj_neg_facts:142,conjunction,True,L,0.0
conj_neg_facts:142,conjunction,True,rho,0.0
conj_neg_facts:143,conjunction,True,L,0.0
conj_neg_facts:143,conjunction,True,rho,0.0
conj_neg_facts:144,conjunction,True,L,0.0
conj_neg_facts:144,conjunction,True,rho,0.0
conj_neg_facts:145,conjunction,True,L,0.0
conj_neg_facts:145,conjunction,True,rho,0.0
conj_neg_facts:146,conjunction,True,L,0.0
conj_neg_facts:146,conjunction,True,rho,0.0
conj_neg_facts:147,conjunction,True,L,0.0
conj_neg_facts:147,conjunction,True,rho,0.0
conj_neg_facts:148,conjunction,True,L,0.0
conj_neg_facts:148,conjunction,True,rho,0.0
conj_neg_facts:149,conjunction,True,L,0.0
conj_neg_facts:149,conjunction,True,rho,0.0
conj_neg_facts:150,conjunction,True,L,0.0
conj_neg_facts:150,conjunction,True,rho,0.0
conj_neg_facts:151,conjunction,True,L,0.0
conj_neg_facts:151,conjunction,True,rho,0.0
conj_neg_facts:152,conjunction,True,L,0.0
conj_neg_facts:152,conjunction,True,rho,0.0
conj_neg_facts:153,conjunction,False,L,0.5
conj_neg_facts:153,conjunction,False,rho,0.5
conj_neg_facts:154,conjunction,True,L,0.0
conj_neg_facts:154,conjunction,True,rho,0.0
conj_neg_facts:155,conjunction,True,L,0.0
conj_neg_facts:155,conjunction,True,rho,0.0
conj_neg_facts:156,conjunction,True,L,0.0
conj_neg_facts:156,conjunction,True,rho,0.0
conj_neg_facts:157,conjunction,True,L,0.0
conj_neg_facts:157,conjunction,True,rho,0.0
conj_neg_facts:158,conjunction,True,L,0.0
conj_neg_facts:158,conjunction,True,rho,0.0
conj_neg_facts:159,conjunction,True,L,0.0
conj_neg_facts:159,conjunction,True,rho,0.0
conj_neg_facts:160,conjunction,True,L,0.0
conj_neg_facts:160,conjunction,True,rho,0.0
conj_neg_facts:161,conjunction,True,L,0.0
conj_neg_facts:161,conjunction,True,rho,0.0
conj_neg_facts:162,conjunction,True,L,0.0
conj_neg_facts:162,conjunction,True,rho,0.0
conj_neg_facts:163,conjunction,True,L,0.0
conj_neg_facts:163,conjunction,True,rho,0.0
conj_neg_facts:164,conjunction,True,L,0.0
conj_neg_facts:164,conjunction,True,rho,0.0
conj_neg_facts:165,conjunction,True,L,0.0
conj_neg_facts:165,conjunction,True,rho,0.0
conj_neg_facts:166,conjunction,True,L,0.0
conj_neg_facts:166,conjunction,True,rho,0.0
conj_neg_facts:167,conjunction,True,L,0.0
conj_neg_facts:167,conjunction,True,rho,0.0
conj_neg_facts:168,conjunction,True,L,0.0
conj_neg_facts:168,conjunction,True,rho,0.0
conj_neg_facts:169,conjunction,True,L,0.0
conj_neg_facts:169,conjunction,True,rho,0.0
conj_neg_facts:170,conjunction,True,L,0.0
conj_neg_facts:170,conjunction,True,rho,0.0
conj_neg_facts:171,conjunction,True,L,0.0
conj_neg_facts:171,conjunction,True,rho,0.0
conj_neg_facts:172,conjunction,True,L,0.0
conj_neg_facts:172,conjunction,True,rho,0.0
conj_neg_facts:173,conjunction,True,L,0.0
conj_neg_facts:173,conjunction,True,rho,0.0
conj_neg_facts:174,conjunction,True,L,0.0
conj_neg_facts:174,conjunction,True,rho,0.0
conj_neg_facts:175,conjunction,True,L,0.0
conj_neg_facts:175,conjunction,True,rho,0.0
conj_neg_facts:176,conjunction,True,L,0.0
conj_neg_facts:176,conjunction,True,rho,0.0
conj_neg_facts:177,conjunction,True,L,0.0
conj_neg_facts:177,conjunction,True,rho,0.0
conj_neg_facts:178,conjunction,True,L,0.0
conj_neg_facts:178,conjunction,True,rho,0.0
conj_neg_facts:179,conjunction,True,L,0.0
conj_neg_facts:179,conjunction,True,rho,0.0
conj_neg_facts:180,conjunction,True,L,0.0
conj_neg_facts:180,conjunction,True,rho,0.0
conj_neg_facts:181,conjunction,True,L,0.0
conj_neg_facts:181,conjunction,True,rho,0.0
conj_neg_facts:182,conjunction,True,L,0.0
conj_neg_facts:182,conjunction,True,rho,0.0
conj_neg_facts:183,conjunction,True,L,0.0
conj_neg_facts:183,conjunction,True,rho,0.0
conj_neg_facts:184,conjunction,True,L,0.0
conj_neg_facts:184,conjunction,True,rho,0.0
conj_neg_facts:185,conjunction,True,L,0.0
conj_neg_facts:185,conjunction,True,rho,0.0
conj_neg_facts:186,conjunction,True,L,0.0
conj_neg_facts:186,conjunction,True,rho,0.0
conj_neg_facts:187,conjunction,True,L,0.0
conj_neg_facts:187,conjunction,True,rho,0.0
conj_neg_facts:188,conjunction,True,L,0.0
conj_neg_facts:188,conjunction,True,rho,0.0
conj_neg_facts:189,conjunction,True,L,0.0
conj_neg_facts:189,conjunction,True,rho,0.0
conj_neg_facts:190,conjunction,True,L,0.0
conj_neg_facts:190,conjunction,True,rho,0.0
conj_neg_facts:191,conjunction,True,L,0.0
conj_neg_facts:191,conjunction,True,rho,0.0
conj_neg_facts:192,conjunction,True,L,0.0
conj_neg_facts:192,conjunction,True,rho,0.0
conj_neg_facts:193,conjunction,True,L,0.0
conj_neg_facts:193,conjunction,True,rho,0.0
conj_neg_facts:194,conjunction,True,L,0.0
conj_neg_facts:194,conjunction,True,rho,0.0
conj_neg_facts:195,conjunction,True,L,0.0
conj_neg_facts:195,conjunction,True,rho,0.0
conj_neg_facts:196,conjunction,True,L,0.0
conj_neg_facts:196,conjunction,True,rho,0.0
conj_neg_facts:197,conjunction,True,L,0.0
conj_neg_facts:197,conjunction,True,rho,0.0
conj_neg_facts:198,conjunction,True,L,0.0
conj_neg_facts:198,conjunction,True,rho,0.0
conj_neg_facts:199,conjunction,True,L,0.0
conj_neg_facts:199,conjunction,True,rho,0.0
conj_neg_facts:200,conjunction,True,L,0.0
conj_neg_facts:200,conjunction,True,rho,0.0
conj_neg_facts:201,conjunction,True,L,0.0
conj_neg_facts:201,conjunction,True,rho,0.0
conj_neg_facts:202,conjunction,True,L,0.0
conj_neg_facts:202,conjunction,True,rho,0.0
conj_neg_facts:203,conjunction,True,L,0.0
conj_neg_facts:203,conjunction,True,rho,0.0
conj_neg_facts:204,conjunction,True,L,0.0
conj_neg_facts:204,conjunction,True,rho,0.0
conj_neg_facts:205,conjunction,True,L,0.0
conj_neg_facts:205,conjunction,True,rho,0.0
conj_neg_facts:206,conjunction,True,L,0.0
conj_neg_facts:206,conjunction,True,rho,0.0
conj_neg_facts:207,conjunction,True,L,0.0
conj_neg_facts:207,conjunction,True,rho,0.0
conj_neg_facts:208,conjunction,True,L,0.0
conj_neg_facts:208,conjunction,True,rho,0.0
conj_neg_facts:209,conjunction,True,L,0.0
conj_neg_facts:209,conjunction,True,rho,0.0
conj_neg_facts:210,conjunction,True,L,0.0
conj_neg_facts:210,conjunction,True,rho,0.0
conj_neg_facts:211,conjunction,True,L,0.0
conj_neg_facts:211,conjunction,True,rho,0.0
conj_neg_facts:212,conjunction,True,L,0.0
conj_neg_facts:212,conjunction,True,rho,0.0
conj_neg_facts:213,conjunction,True,L,0.0
conj_neg_facts:213,conjunction,True,rho,0.0
conj_neg_facts:214,conjunction,True,L,0.0
conj_neg_facts:214,conjunction,True,rho,0.0
conj_neg_facts:215,conjunction,True,L,0.0
conj_neg_facts:215,conjunction,True,rho,0.0
conj_neg_facts:216,conjunction,True,L,0.0
conj_neg_facts:216,conjunction,True,rho,0.0
conj_neg_facts:217,conjunction,True,L,0.0
conj_neg_facts:217,conjunction,True,rho,0.0
conj_neg_facts:218,conjunction,True,L,0.0
conj_neg_facts:218,conjunction,True,rho,0.0
conj_neg_facts:219,conjunction,True,L,0.0
conj_neg_facts:219,conjunction,True,rho,0.0
conj_neg_facts:220,conjunction,True,L,0.0
conj_neg_facts:220,conjunction,True,rho,0.0
conj_neg_facts:221,conjunction,True,L,0.0
conj_neg_facts:221,conjunction,True,rho,0.0
conj_neg_facts:222,conjunction,True,L,0.0
conj_neg_facts:222,conjunction,True,rho,0.0
conj_neg_facts:223,conjunction,True,L,0.0
conj_neg_facts:223,conjunction,True,rho,0.0
conj_neg_facts:224,conjunction,True,L,0.0
conj_neg_facts:224,conjunction,True,rho,0.0
conj_neg_facts:225,conjunction,True,L,0.0
conj_neg_facts:225,conjunction,True,rho,0.0
conj_neg_facts:226,conjunction,True,L,0.0
conj_neg_facts:226,conjunction,True,rho,0.0
conj_neg_facts:227,conjunction,True,L,0.0
conj_neg_facts:227,conjunction,True,rho,0.0
conj_neg_facts:228,conjunction,True,L,0.0
conj_neg_facts:228,conjunction,True,rho,0.0
conj_neg_facts:229,conjunction,True,L,0.0
conj_neg_facts:229,conjunction,True,rho,0.0
conj_neg_facts:230,conjunction,True,L,0.0
conj_neg_facts:230,conjunction,True,rho,0.0
conj_neg_facts:231,conjunction,True,L,0.0
conj_neg_facts:231,conjunction,True,rho,0.0
conj_neg_facts:232,conjunction,True,L,0.0
conj_neg_facts:232,conjunction,True,rho,0.0
conj_neg_facts:233,conjunction,True,L,0.0
conj_neg_facts:233,conjunction,True,rho,0.0
conj_neg_facts:234,conjunction,True,L,0.0
conj_neg_facts:234,conjunction,True,rho,0.0
conj_neg_facts:235,conjunction,True,L,0.0
conj_neg_facts:235,conjunction,True,rho,0.0
conj_neg_facts:236,conjunction,True,L,0.0
conj_neg_facts:236,conjunction,True,rho,0.0
conj_neg_facts:237,conjunction,True,L,0.0
conj_neg_facts:237,conjunction,True,rho,0.0
conj_neg_facts:238,conjunction,True,L,0.0
conj_neg_facts:238,conjunction,True,rho,0.0
conj_neg_facts:239,conjunction,True,L,0.0
conj_neg_facts:239,conjunction,True,rho,0.0
conj_neg_facts:240,conjunction,True,L,0.0
conj_neg_facts:240,conjunction,True,rho,0.0
conj_neg_facts:241,conjunction,True,L,0.0
conj_neg_facts:241,conjunction,True,rho,0.0
conj_neg_facts:242,conjunction,True,L,0.0
conj_neg_facts:242,conjunction,True,rho,0.0
conj_neg_facts:243,conjunction,True,L,0.0
conj_neg_facts:243,conjunction,True,rho,0.0
conj_neg_facts:244,conjunction,True,L,0.0
conj_neg_facts:244,conjunction,True,rho,0.0
conj_neg_facts:245,conjunction,True,L,0.0
conj_neg_facts:245,conjunction,True,rho,0.0
conj_neg_facts:246,conjunction,True,L,0.0
conj_neg_facts:246,conjunction,True,rho,0.0
conj_neg_facts:247,conjunction,True,L,0.0
conj_neg_facts:247,conjunction,True,rho,0.0
conj_neg_facts:248,conjunction,True,L,0.0
conj_neg_facts:248,conjunction,True,rho,0.0
conj_neg_facts:249,conjunction,True,L,0.0
conj_neg_facts:249,conjunction,True,rho,0.0
conj_neg_facts:250,conjunction,True,L,0.0
conj_neg_facts:250,conjunction,True,rho,0.0
conj_neg_facts:251,conjunction,True,L,0.0
conj_neg_facts:251,conjunction,True,rho,0.0
conj_neg_facts:252,conjunction,True,L,0.0
conj_neg_facts:252,conjunction,True,rho,0.0
conj_neg_facts:253,conjunction,True,L,0.0
conj_neg_facts:253,conjunction,True,rho,0.0
conj_neg_facts:254,conjunction,True,L,0.0
conj_neg_facts:254,conjunction,True,rho,0.0
conj_neg_facts:255,conjunction,True,L,0.0
conj_neg_facts:255,conjunction,True,rho,0.0
conj_neg_facts:256,conjunction,True,L,0.0
conj_neg_facts:256,conjunction,True,rho,0.0
conj_neg_facts:257,conjunction,True,L,0.0
conj_neg_facts:257,conjunction,True,rho,0.0
conj_neg_facts:258,conjunction,True,L,0.0
conj_neg_facts:258,conjunction,True,rho,0.0
conj_neg_facts:259,conjunction,True,L,0.0
conj_neg_facts:259,conjunction,True,rho,0.0
conj_neg_facts:260,conjunction,True,L,0.0
conj_neg_facts:260,conjunction,True,rho,0.0
conj_neg_facts:261,conjunction,True,L,0.0
conj_neg_facts:261,conjunction,True,rho,0.0
conj_neg_facts:262,conjunction,True,L,0.0
conj_neg_facts:262,conjunction,True,rho,0.0
conj_neg_facts:263,conjunction,True,L,0.0
conj_neg_facts:263,conjunction,True,rho,0.0
conj_neg_facts:264,conjunction,True,L,0.0
conj_neg_facts:264,conjunction,True,rho,0.0
conj_neg_facts:265,conjunction,True,L,0.0
conj_neg_facts:265,conjunction,True,rho,0.0
conj_neg_facts:266,conjunction,True,L,0.0
conj_neg_facts:266,conjunction,True,rho,0.0
conj_neg_facts:267,conjunction,True,L,0.0
conj_neg_facts:267,conjunction,True,rho,0.0
conj_neg_facts:268,conjunction,True,L,0.0
conj_neg_facts:268,conjunction,True,rho,0.0
conj_neg_facts:269,conjunction,True,L,0.0
conj_neg_facts:269,conjunction,True,rho,0.0
conj_neg_facts:270,conjunction,True,L,0.0
conj_neg_facts:270,conjunction,True,rho,0.0
conj_neg_facts:271,conjunction,True,L,0.0
conj_neg_facts:271,conjunction,True,rho,0.0
conj_neg_facts:272,conjunction,True,L,0.0
conj_neg_facts:272,conjunction,True,rho,0.0
conj_neg_facts:273,conjunction,True,L,0.0
conj_neg_facts:273,conjunction,True,rho,0.0
conj_neg_facts:274,conjunction,True,L,0.0
conj_neg_facts:274,conjunction,True,rho,0.0
conj_neg_facts:275,conjunction,True,L,0.0
conj_neg_facts:275,conjunction,True,rho,0.0
conj_neg_facts:276,conjunction,True,L,0.0
conj_neg_facts:276,conjunction,True,rho,0.0
conj_neg_facts:277,conjunction,True,L,0.0
conj_neg_facts:277,conjunction,True,rho,0.0
conj_neg_facts:278,conjunction,True,L,0.0
conj_neg_facts:278,conjunction,True,rho,0.0
conj_neg_facts:279,conjunction,True,L,0.0
conj_neg_facts:279,conjunction,True,rho,0.0
conj_neg_facts:280,conjunction,True,L,0.0
conj_neg_facts:280,conjunction,True,rho,0.0
conj_neg_facts:281,conjunction,True,L,0.0
conj_neg_facts:281,conjunction,True,rho,0.0
conj_neg_facts:282,conjunction,True,L,0.0
conj_neg_facts:282,conjunction,True,rho,0.0
conj_neg_facts:283,conjunction,True,L,0.0
conj_neg_facts:283,conjunction,True,rho,0.0
conj_neg_facts:284,conjunction,True,L,0.0
conj_neg_facts:284,conjunction,True,rho,0.0
conj_neg_facts:285,conjunction,True,L,0.0
conj_neg_facts:285,conjunction,True,rho,0.0
conj_neg_facts:286,conjunction,True,L,0.0
conj_neg_facts:286,conjunction,True,rho,0.0
conj_neg_facts:287,conjunction,True,L,0.0
conj_neg_facts:287,conjunction,True,rho,0.0
conj_neg_facts:288,conjunction,True,L,0.0
conj_neg_facts:288,conjunction,True,rho,0.0
conj_neg_facts:289,conjunction,True,L,0.0
conj_neg_facts:289,conjunction,True,rho,0.0
conj_neg_facts:290,conjunction,True,L,0.0
conj_neg_facts:290,conjunction,True,rho,0.0
conj_neg_facts:291,conjunction,True,L,0.0
conj_neg_facts:291,conjunction,True,rho,0.0
conj_neg_facts:292,conjunction,True,L,0.0
conj_neg_facts:292,conjunction,True,rho,0.0
conj_neg_facts:293,conjunction,True,L,0.0
conj_neg_facts:293,conjunction,True,rho,0.0
conj_neg_facts:294,conjunction,True,L,0.0
conj_neg_facts:294,conjunction,True,rho,0.0
conj_neg_facts:295,conjunction,True,L,0.0
conj_neg_facts:295,conjunction,True,rho,0.0
conj_neg_facts:296,conjunction,True,L,0.0
conj_neg_facts:296,conjunction,True,rho,0.0
conj_neg_facts:297,conjunction,True,L,0.0
conj_neg_facts:297,conjunction,True,rho,0.0
conj_neg_facts:298,conjunction,True,L,0.0
conj_neg_facts:298,conjunction,True,rho,0.0
conj_neg_facts:299,conjunction,True,L,0.0
conj_neg_facts:299,conjunction,True,rho,0.0
conj_neg_facts:300,conjunction,True,L,0.0
conj_neg_facts:300,conjunction,True,rho,0.0
conj_neg_facts:301,conjunction,True,L,0.0
conj_neg_facts:301,conjunction,True,rho,0.0
conj_neg_facts:302,conjunction,True,L,0.0
conj_neg_facts:302,conjunction,True,rho,0.0
conj_neg_facts:303,conjunction,True,L,0.0
conj_neg_facts:303,conjunction,True,rho,0.0
conj_neg_facts:304,conjunction,True,L,0.0
conj_neg_facts:304,conjunction,True,rho,0.0
conj_neg_facts:305,conjunction,True,L,0.0
conj_neg_facts:305,conjunction,True,rho,0.0
conj_neg_facts:306,conjunction,True,L,0.0
conj_neg_facts:306,conjunction,True,rho,0.0
conj_neg_facts:307,conjunction,True,L,0.0
conj_neg_facts:307,conjunction,True,rho,0.0
conj_neg_facts:308,conjunction,True,L,0.0
conj_neg_facts:308,conjunction,True,rho,0.0
conj_neg_facts:309,conjunction,True,L,0.0
conj_neg_facts:309,conjunction,True,rho,0.0
conj_neg_facts:310,conjunction,True,L,0.0
conj_neg_facts:310,conjunction,True,rho,0.0
conj_neg_facts:311,conjunction,True,L,0.0
conj_neg_facts:311,conjunction,True,rho,0.0
conj_neg_facts:312,conjunction,True,L,0.0
conj_neg_facts:312,conjunction,True,rho,0.0
conj_neg_facts:313,conjunction,True,L,0.0
conj_neg_facts:313,conjunction,True,rho,0.0
conj_neg_facts:314,conjunction,True,L,0.0
conj_neg_facts:314,conjunction,True,rho,0.0
conj_neg_facts:315,conjunction,True,L,0.0
conj_neg_facts:315,conjunction,True,rho,0.0
conj_neg_facts:316,conjunction,True,L,0.0
conj_neg_facts:316,conjunction,True,rho,0.0
conj_neg_facts:317,conjunction,True,L,0.0
conj_neg_facts:317,conjunction,True,rho,0.0
conj_neg_facts:318,conjunction,True,L,0.0
conj_neg_facts:318,conjunction,True,rho,0.0
conj_neg_facts:319,conjunction,True,L,0.0
conj_neg_facts:319,conjunction,True,rho,0.0
conj_neg_facts:320,conjunction,True,L,0.0
conj_neg_facts:320,conjunction,True,rho,0.0
conj_neg_facts:321,conjunction,True,L,0.0
conj_neg_facts:321,conjunction,True,rho,0.0
conj_neg_facts:322,conjunction,True,L,0.0
conj_neg_facts:322,conjunction,True,rho,0.0
conj_neg_facts:323,conjunction,True,L,0.0
conj_neg_facts:323,conjunction,True,rho,0.0
conj_neg_facts:324,conjunction,True,L,0.0
conj_neg_facts:324,conjunction,True,rho,0.0
conj_neg_facts:325,conjunction,True,L,0.0
conj_neg_facts:325,conjunction,True,rho,0.0
conj_neg_facts:326,conjunction,True,L,0.0
conj_neg_facts:326,conjunction,True,rho,0.0
conj_neg_facts:327,conjunction,True,L,0.0
conj_neg_facts:327,conjunction,True,rho,0.0
conj_neg_facts:328,conjunction,True,L,0.0
conj_neg_facts:328,conjunction,True,rho,0.0
conj_neg_facts:329,conjunction,True,L,0.0
conj_neg_facts:329,conjunction,True,rho,0.0
conj_neg_facts:330,conjunction,True,L,0.0
conj_neg_facts:330,conjunction,True,rho,0.0
conj_neg_facts:331,conjunction,True,L,0.0
conj_neg_facts:331,conjunction,True,rho,0.0
conj_neg_facts:332,conjunction,True,L,0.0
conj_neg_facts:332,conjunction,True,rho,0.0
conj_neg_facts:333,conjunction,True,L,0.0
conj_neg_facts:333,conjunction,True,rho,0.0
conj_neg_facts:334,conjunction,True,L,0.0
conj_neg_facts:334,conjunction,True,rho,0.0
conj_neg_facts:335,conjunction,True,L,0.0
conj_neg_facts:335,conjunction,True,rho,0.0
conj_neg_facts:336,conjunction,True,L,0.0
conj_neg_facts:336,conjunction,True,rho,0.0
conj_neg_facts:337,conjunction,True,L,0.0
conj_neg_facts:337,conjunction,True,rho,0.0
conj_neg_facts:338,conjunction,True,L,0.0
conj_neg_facts:338,conjunction,True,rho,0.0
conj_neg_facts:339,conjunction,True,L,0.0
conj_neg_facts:339,conjunction,True,rho,0.0
conj_neg_facts:340,conjunction,True,L,0.0
conj_neg_facts:340,conjunction,True,rho,0.0
conj_neg_facts:341,conjunction,True,L,0.0
conj_neg_facts:341,conjunction,True,rho,0.0
conj_neg_facts:342,conjunction,True,L,0.0
conj_neg_facts:342,conjunction,True,rho,0.0
conj_neg_facts:343,conjunction,True,L,0.0
conj_neg_facts:343,conjunction,True,rho,0.0
conj_neg_facts:344,conjunction,True,L,0.0
conj_neg_facts:344,conjunction,True,rho,0.0
conj_neg_facts:345,conjunction,True,L,0.0
conj_neg_facts:345,conjunction,True,rho,0.0
conj_neg_facts:346,conjunction,True,L,0.0
conj_neg_facts:346,conjunction,True,rho,0.0
conj_neg_facts:347,conjunction,True,L,0.0
conj_neg_facts:347,conjunction,True,rho,0.0
conj_neg_facts:348,conjunction,True,L,0.0
conj_neg_facts:348,conjunction,True,rho,0.0
conj_neg_facts:349,conjunction,True,L,0.0
conj_neg_facts:349,conjunction,True,rho,0.0
conj_neg_facts:350,conjunction,True,L,0.0
conj_neg_facts:350,conjunction,True,rho,0.0
conj_neg_facts:351,conjunction,True,L,0.0
conj_neg_facts:351,conjunction,True,rho,0.0
conj_neg_facts:352,conjunction,True,L,0.0
conj_neg_facts:352,conjunction,True,rho,0.0
conj_neg_facts:353,conjunction,True,L,0.0
conj_neg_facts:353,conjunction,True,rho,0.0
conj_neg_facts:354,conjunction,True,L,0.0
conj_neg_facts:354,conjunction,True,rho,0.0
conj_neg_facts:355,conjunction,True,L,0.0
conj_neg_facts:355,conjunction,True,rho,0.0
conj_neg_facts:356,conjunction,True,L,0.0
conj_neg_facts:356,conjunction,True,rho,0.0
conj_neg_facts:357,conjunction,True,L,0.0
conj_neg_facts:357,conjunction,True,rho,0.0
conj_neg_facts:358,conjunction,True,L,0.0
conj_neg_facts:358,conjunction,True,rho,0.0
conj_neg_facts:359,conjunction,True,L,0.0
conj_neg_facts:359,conjunction,True,rho,0.0
conj_neg_facts:360,conjunction,True,L,0.0
conj_neg_facts:360,conjunction,True,rho,0.0
conj_neg_facts:361,conjunction,True,L,0.0
conj_neg_facts:361,conjunction,True,rho,0.0
conj_neg_facts:362,conjunction,True,L,0.0
conj_neg_facts:362,conjunction,True,rho,0.0
conj_neg_facts:363,conjunction,True,L,0.0
conj_neg_facts:363,conjunction,True,rho,0.0
conj_neg_facts:364,conjunction,True,L,0.0
conj_neg_facts:364,conjunction,True,rho,0.0
conj_neg_facts:365,conjunction,True,L,0.0
conj_neg_facts:365,conjunction,True,rho,0.0
conj_neg_facts:366,conjunction,True,L,0.0
conj_neg_facts:366,conjunction,True,rho,0.0
conj_neg_facts:367,conjunction,True,L,0.0
conj_neg_facts:367,conjunction,True,rho,0.0
conj_neg_facts:368,conjunction,True,L,0.0
conj_neg_facts:368,conjunction,True,rho,0.0
conj_neg_facts:369,conjunction,True,L,0.0
conj_neg_facts:369,conjunction,True,rho,0.0
conj_neg_facts:370,conjunction,True,L,0.0
conj_neg_facts:370,conjunction,True,rho,0.0
conj_neg_facts:371,conjunction,True,L,0.0
conj_neg_facts:371,conjunction,True,rho,0.0
conj_neg_facts:372,conjunction,True,L,0.0
conj_neg_facts:372,conjunction,True,rho,0.0
conj_neg_facts:373,conjunction,True,L,0.0
conj_neg_facts:373,conjunction,True,rho,0.0
conj_neg_facts:374,conjunction,True,L,0.0
conj_neg_facts:374,conjunction,True,rho,0.0
conj_neg_facts:375,conjunction,True,L,0.0
conj_neg_facts:375,conjunction,True,rho,0.0
conj_neg_facts:376,conjunction,True,L,0.0
conj_neg_facts:376,conjunction,True,rho,0.0
conj_neg_facts:377,conjunction,True,L,0.0
conj_neg_facts:377,conjunction,True,rho,0.0
conj_neg_facts:378,conjunction,True,L,0.0
conj_neg_facts:378,conjunction,True,rho,0.0
conj_neg_facts:379,conjunction,True,L,0.0
conj_neg_facts:379,conjunction,True,rho,0.0
conj_neg_facts:380,conjunction,True,L,0.0
conj_neg_facts:380,conjunction,True,rho,0.0
conj_neg_facts:381,conjunction,True,L,0.0
conj_neg_facts:381,conjunction,True,rho,0.0
conj_neg_facts:382,conjunction,True,L,0.0
conj_neg_facts:382,conjunction,True,rho,0.0
conj_neg_facts:383,conjunction,True,L,0.0
conj_neg_facts:383,conjunction,True,rho,0.0
conj_neg_facts:384,conjunction,True,L,0.0
conj_neg_facts:384,conjunction,True,rho,0.0
conj_neg_facts:385,conjunction,True,L,0.0
conj_neg_facts:385,conjunction,True,rho,0.0
conj_neg_facts:386,conjunction,True,L,0.0
conj_neg_facts:386,conjunction,True,rho,0.0
conj_neg_facts:387,conjunction,True,L,0.0
conj_neg_facts:387,conjunction,True,rho,0.0
conj_neg_facts:388,conjunction,True,L,0.0
conj_neg_facts:388,conjunction,True,rho,0.0
conj_neg_facts:389,conjunction,True,L,0.0
conj_neg_facts:389,conjunction,True,rho,0.0
conj_neg_facts:390,conjunction,True,L,0.0
conj_neg_facts:390,conjunction,True,rho,0.0
conj_neg_facts:391,conjunction,True,L,0.0
conj_neg_facts:391,conjunction,True,rho,0.0
conj_neg_facts:392,conjunction,True,L,0.0
conj_neg_facts:392,conjunction,True,rho,0.0
conj_neg_facts:393,conjunction,True,L,0.0
conj_neg_facts:393,conjunction,True,rho,0.0
conj_neg_facts:394,conjunction,True,L,0.0
conj_neg_facts:394,conjunction,True,rho,0.0
conj_neg_facts:395,conjunction,True,L,0.0
conj_neg_facts:395,conjunction,True,rho,0.0
conj_neg_facts:396,conjunction,True,L,0.0
conj_neg_facts:396,conjunction,True,rho,0.0
conj_neg_facts:397,conjunction,True,L,0.0
conj_neg_facts:397,conjunction,True,rho,0.0
conj_neg_facts:398,conjunction,True,L,0.0
conj_neg_facts:398,conjunction,True,rho,0.0
conj_neg_facts:399,conjunction,True,L,0.0
conj_neg_facts:399,conjunction,True,rho,0.0
conj_neg_facts:400,conjunction,True,L,0.0
conj_neg_facts:400,conjunction,True,rho,0.0
conj_neg_facts:401,conjunction,True,L,0.0
conj_neg_facts:401,conjunction,True,rho,0.0
conj_neg_facts:402,conjunction,True,L,0.0
conj_neg_facts:402,conjunction,True,rho,0.0
conj_neg_facts:404,conjunction,True,L,0.0
conj_neg_facts:404,conjunction,True,rho,0.0
conj_neg_facts:405,conjunction,True,L,0.0
conj_neg_facts:405,conjunction,True,rho,0.0
conj_neg_facts:406,conjunction,True,L,0.0
conj_neg_facts:406,conjunction,True,rho,0.0
conj_neg_facts:407,conjunction,True,L,0.0
conj_neg_facts:407,conjunction,True,rho,0.0
conj_neg_facts:408,conjunction,True,L,0.0
conj_neg_facts:408,conjunction,True,rho,0.0
conj_neg_facts:409,conjunction,True,L,0.0
conj_neg_facts:409,conjunction,True,rho,0.0
conj_neg_facts:410,conjunction,True,L,0.0
conj_neg_facts:410,conjunction,True,rho,0.0
conj_neg_facts:411,conjunction,True,L,0.0
conj_neg_facts:411,conjunction,True,rho,0.0
conj_neg_facts:412,conjunction,True,L,0.0
conj_neg_facts:412,conjunction,True,rho,0.0
conj_neg_facts:413,conjunction,True,L,0.0
conj_neg_facts:413,conjunction,True,rho,0.0
conj_neg_facts:414,conjunction,True,L,0.0
conj_neg_facts:414,conjunction,True,rho,0.0
conj_neg_facts:415,conjunction,True,L,0.0
conj_neg_facts:415,conjunction,True,rho,0.0
conj_neg_facts:416,conjunction,True,L,0.0
conj_neg_facts:416,conjunction,True,rho,0.0
conj_neg_facts:417,conjunction,True,L,0.0
conj_neg_facts:417,conjunction,True,rho,0.0
conj_neg_facts:418,conjunction,True,L,0.0
conj_neg_facts:418,conjunction,True,rho,0.0
conj_neg_facts:419,conjunction,True,L,0.0
conj_neg_facts:419,conjunction,True,rho,0.0
conj_neg_facts:420,conjunction,True,L,0.0
conj_neg_facts:420,conjunction,True,rho,0.0
conj_neg_facts:421,conjunction,True,L,0.0
conj_neg_facts:421,conjunction,True,rho,0.0
conj_neg_facts:422,conjunction,True,L,0.0
conj_neg_facts:422,conjunction,True,rho,0.0
conj_neg_facts:423,conjunction,True,L,0.0
conj_neg_facts:423,conjunction,True,rho,0.0
conj_neg_facts:424,conjunction,True,L,0.0
conj_neg_facts:424,conjunction,True,rho,0.0
conj_neg_facts:425,conjunction,True,L,0.0
conj_neg_facts:425,conjunction,True,rho,0.0
conj_neg_facts:426,conjunction,True,L,0.0
conj_neg_facts:426,conjunction,True,rho,0.0
conj_neg_facts:427,conjunction,True,L,0.0
conj_neg_facts:427,conjunction,True,rho,0.0
conj_neg_facts:428,conjunction,True,L,0.0
conj_neg_facts:428,conjunction,True,rho,0.0
conj_neg_facts:429,conjunction,True,L,0.0
conj_neg_facts:429,conjunction,True,rho,0.0
conj_neg_facts:430,conjunction,True,L,0.0
conj_neg_facts:430,conjunction,True,rho,0.0
conj_neg_facts:431,conjunction,True,L,0.0
conj_neg_facts:431,conjunction,True,rho,0.0
conj_neg_facts:432,conjunction,True,L,0.0
conj_neg_facts:432,conjunction,True,rho,0.0
conj_neg_facts:433,conjunction,True,L,0.0
conj_neg_facts:433,conjunction,True,rho,0.0
conj_neg_facts:434,conjunction,True,L,0.0
conj_neg_facts:434,conjunction,True,rho,0.0
conj_neg_facts:435,conjunction,True,L,0.0
conj_neg_facts:435,conjunction,True,rho,0.0
conj_neg_facts:436,conjunction,True,L,0.0
conj_neg_facts:436,conjunction,True,rho,0.0
conj_neg_facts:437,conjunction,True,L,0.0
conj_neg_facts:437,conjunction,True,rho,0.0
conj_neg_facts:438,conjunction,True,L,0.0
conj_neg_facts:438,conjunction,True,rho,0.0
conj_neg_facts:439,conjunction,True,L,0.0
conj_neg_facts:439,conjunction,True,rho,0.0
conj_neg_facts:440,conjunction,True,L,0.0
conj_neg_facts:440,conjunction,True,rho,0.0
conj_neg_facts:441,conjunction,True,L,0.0
conj_neg_facts:441,conjunction,True,rho,0.0
conj_neg_facts:442,conjunction,True,L,0.0
conj_neg_facts:442,conjunction,True,rho,0.0
conj_neg_facts:443,conjunction,True,L,0.0
conj_neg_facts:443,conjunction,True,rho,0.0
conj_neg_facts:444,conjunction,True,L,0.0
conj_neg_facts:444,conjunction,True,rho,0.0
conj_neg_facts:445,conjunction,True,L,0.0
conj_neg_facts:445,conjunction,True,rho,0.0
conj_neg_facts:446,conjunction,True,L,0.0
conj_neg_facts:446,conjunction,True,rho,0.0
conj_neg_facts:447,conjunction,True,L,0.0
conj_neg_facts:447,conjunction,True,rho,0.0
conj_neg_facts:448,conjunction,True,L,0.0
conj_neg_facts:448,conjunction,True,rho,0.0
conj_neg_facts:449,conjunction,True,L,0.0
conj_neg_facts:449,conjunction,True,rho,0.0
conj_neg_facts:450,conjunction,True,L,0.0
conj_neg_facts:450,conjunction,True,rho,0.0
conj_neg_facts:451,conjunction,True,L,0.0
conj_neg_facts:451,conjunction,True,rho,0.0
conj_neg_facts:452,conjunction,True,L,0.0
conj_neg_facts:452,conjunction,True,rho,0.0
conj_neg_facts:453,conjunction,True,L,0.0
conj_neg_facts:453,conjunction,True,rho,0.0
conj_neg_facts:454,conjunction,True,L,0.0
conj_neg_facts:454,conjunction,True,rho,0.0
conj_neg_facts:455,conjunction,True,L,0.0
conj_neg_facts:455,conjunction,True,rho,0.0
conj_neg_facts:456,conjunction,True,L,0.0
conj_neg_facts:456,conjunction,True,rho,0.0
conj_neg_facts:457,conjunction,True,L,0.0
conj_neg_facts:457,conjunction,True,rho,0.0
conj_neg_facts:458,conjunction,True,L,0.0
conj_neg_facts:458,conjunction,True,rho,0.0
conj_neg_facts:459,conjunction,True,L,0.0
conj_neg_facts:459,conjunction,True,rho,0.0
conj_neg_facts:460,conjunction,True,L,0.0
conj_neg_facts:460,conjunction,True,rho,0.0
conj_neg_facts:461,conjunction,True,L,0.0
conj_neg_facts:461,conjunction,True,rho,0.0
conj_neg_facts:462,conjunction,True,L,0.0
conj_neg_facts:462,conjunction,True,rho,0.0
conj_neg_facts:463,conjunction,True,L,0.0
conj_neg_facts:463,conjunction,True,rho,0.0
conj_neg_facts:464,conjunction,True,L,0.0
conj_neg_facts:464,conjunction,True,rho,0.0
conj_neg_facts:465,conjunction,True,L,0.0
conj_neg_facts:465,conjunction,True,rho,0.0
conj_neg_facts:466,conjunction,True,L,0.0
conj_neg_facts:466,conjunction,True,rho,0.0
conj_neg_facts:467,conjunction,True,L,0.0
conj_neg_facts:467,conjunction,True,rho,0.0
conj_neg_facts:468,conjunction,True,L,0.0
conj_neg_facts:468,conjunction,True,rho,0.0
conj_neg_facts:469,conjunction,True,L,0.0
conj_neg_facts:469,conjunction,True,rho,0.0
conj_neg_facts:470,conjunction,True,L,0.0
conj_neg_facts:470,conjunction,True,rho,0.0
conj_neg_facts:471,conjunction,True,L,0.0
conj_neg_facts:471,conjunction,True,rho,0.0
conj_neg_facts:472,conjunction,True,L,0.0
conj_neg_facts:472,conjunction,True,rho,0.0
conj_neg_facts:473,conjunction,True,L,0.0
conj_neg_facts:473,conjunction,True,rho,0.0
conj_neg_facts:474,conjunction,True,L,0.0
conj_neg_facts:474,conjunction,True,rho,0.0
conj_neg_facts:475,conjunction,True,L,0.0
conj_neg_facts:475,conjunction,True,rho,0.0
conj_neg_facts:476,conjunction,True,L,0.0
conj_neg_facts:476,conjunction,True,rho,0.0
conj_neg_facts:477,conjunction,True,L,0.0
conj_neg_facts:477,conjunction,True,rho,0.0
conj_neg_facts:478,conjunction,True,L,0.0
conj_neg_facts:478,conjunction,True,rho,0.0
conj_neg_facts:479,conjunction,True,L,0.0
conj_neg_facts:479,conjunction,True,rho,0.0
conj_neg_facts:480,conjunction,True,L,0.0
conj_neg_facts:480,conjunction,True,rho,0.0
conj_neg_facts:481,conjunction,True,L,0.0
conj_neg_facts:481,conjunction,True,rho,0.0
conj_neg_facts:482,conjunction,True,L,0.0
conj_neg_facts:482,conjunction,True,rho,0.0
conj_neg_facts:483,conjunction,True,L,0.0
conj_neg_facts:483,conjunction,True,rho,0.0
conj_neg_facts:484,conjunction,True,L,0.0
conj_neg_facts:484,conjunction,True,rho,0.0
conj_neg_facts:485,conjunction,True,L,0.0
conj_neg_facts:485,conjunction,True,rho,0.0
conj_neg_facts:486,conjunction,True,L,0.0
conj_neg_facts:486,conjunction,True,rho,0.0
conj_neg_facts:487,conjunction,True,L,0.0
conj_neg_facts:487,conjunction,True,rho,0.0
conj_neg_facts:488,conjunction,True,L,0.0
conj_neg_facts:488,conjunction,True,rho,0.0
conj_neg_facts:489,conjunction,True,L,0.0
conj_neg_facts:489,conjunction,True,rho,0.0
conj_neg_facts:490,conjunction,True,L,0.0
conj_neg_facts:490,conjunction,True,rho,0.0
conj_neg_facts:492,conjunction,True,L,0.0
conj_neg_facts:492,conjunction,True,rho,0.0
conj_neg_facts:493,conjunction,True,L,0.0
conj_neg_facts:493,conjunction,True,rho,0.0
conj_neg_facts:494,conjunction,True,L,0.0
conj_neg_facts:494,conjunction,True,rho,0.0
conj_neg_facts:495,conjunction,True,L,0.0
conj_neg_facts:495,conjunction,True,rho,0.0
conj_neg_facts:496,conjunction,True,L,0.0
conj_neg_facts:496,conjunction,True,rho,0.0
conj_neg_facts:498,conjunction,True,L,0.0
conj_neg_facts:498,conjunction,True,rho,0.0
conj_neg_facts:499,conjunction,True,L,0.0
conj_neg_facts:499,conjunction,True,rho,0.0
conj_neg_facts:500,conjunction,True,L,0.0
conj_neg_facts:500,conjunction,True,rho,0.0
conj_neg_facts:501,conjunction,True,L,0.0
conj_neg_facts:501,conjunction,True,rho,0.0
conj_neg_facts:502,conjunction,True,L,0.0
conj_neg_facts:502,conjunction,True,rho,0.0
conj_neg_facts:503,conjunction,True,L,0.0
conj_neg_facts:503,conjunction,True,rho,0.0
conj_neg_facts:504,conjunction,True,L,0.0
conj_neg_facts:504,conjunction,True,rho,0.0
conj_neg_facts:505,conjunction,True,L,0.0
conj_neg_facts:505,conjunction,True,rho,0.0
conj_neg_facts:506,conjunction,True,L,0.0
conj_neg_facts:506,conjunction,True,rho,0.0
conj_neg_facts:507,conjunction,True,L,0.0
conj_neg_facts:507,conjunction,True,rho,0.0
conj_neg_facts:508,conjunction,True,L,0.0
conj_neg_facts:508,conjunction,True,rho,0.0
conj_neg_facts:509,conjunction,True,L,0.0
conj_neg_facts:509,conjunction,True,rho,0.0
conj_neg_facts:510,conjunction,True,L,0.0
conj_neg_facts:510,conjunction,True,rho,0.0
conj_neg_facts:511,conjunction,True,L,0.0
conj_neg_facts:511,conjunction,True,rho,0.0
conj_neg_facts:512,conjunction,True,L,0.0
conj_neg_facts:512,conjunction,True,rho,0.0
conj_neg_facts:513,conjunction,True,L,0.0
conj_neg_facts:513,conjunction,True,rho,0.0
conj_neg_facts:515,conjunction,True,L,0.0
conj_neg_facts:515,conjunction,True,rho,0.0
conj_neg_facts:516,conjunction,True,L,0.0
conj_neg_facts:516,conjunction,True,rho,0.0
conj_neg_facts:517,conjunction,True,L,0.0
conj_neg_facts:517,conjunction,True,rho,0.0
conj_neg_facts:518,conjunction,True,L,0.0
conj_neg_facts:518,conjunction,True,rho,0.0
conj_neg_facts:519,conjunction,True,L,0.0
conj_neg_facts:519,conjunction,True,rho,0.0
conj_neg_facts:520,conjunction,True,L,0.0
conj_neg_facts:520,conjunction,True,rho,0.0
conj_neg_facts:521,conjunction,True,L,0.0
conj_neg_facts:521,conjunction,True,rho,0.0
conj_neg_facts:522,conjunction,True,L,0.0
conj_neg_facts:522,conjunction,True,rho,0.0
conj_neg_facts:523,conjunction,True,L,0.0
conj_neg_facts:523,conjunction,True,rho,0.0
conj_neg_facts:524,conjunction,True,L,0.0
conj_neg_facts:524,conjunction,True,rho,0.0
conj_neg_facts:525,conjunction,True,L,0.0
conj_neg_facts:525,conjunction,True,rho,0.0
conj_neg_facts:526,conjunction,True,L,0.0
conj_neg_facts:526,conjunction,True,rho,0.0
conj_neg_facts:527,conjunction,True,L,0.0
conj_neg_facts:527,conjunction,True,rho,0.0
conj_neg_facts:528,conjunction,True,L,0.0
conj_neg_facts:528,conjunction,True,rho,0.0
conj_neg_facts:529,conjunction,True,L,0.0
conj_neg_facts:529,conjunction,True,rho,0.0
conj_neg_facts:530,conjunction,True,L,0.0
conj_neg_facts:530,conjunction,True,rho,0.0
conj_neg_facts:531,conjunction,True,L,0.0
conj_neg_facts:531,conjunction,True,rho,0.0
conj_neg_facts:532,conjunction,True,L,0.0
conj_neg_facts:532,conjunction,True,rho,0.0
conj_neg_facts:533,conjunction,True,L,0.0
conj_neg_facts:533,conjunction,True,rho,0.0
conj_neg_facts:534,conjunction,True,L,0.0
conj_neg_facts:534,conjunction,True,rho,0.0
conj_neg_facts:535,conjunction,True,L,0.0
conj_neg_facts:535,conjunction,True,rho,0.0
conj_neg_facts:536,conjunction,True,L,0.0
conj_neg_facts:536,conjunction,True,rho,0.0
conj_neg_facts:537,conjunction,True,L,0.0
conj_neg_facts:537,conjunction,True,rho,0.0
conj_neg_facts:538,conjunction,True,L,0.0
conj_neg_facts:538,conjunction,True,rho,0.0
conj_neg_facts:539,conjunction,True,L,0.0
conj_neg_facts:539,conjunction,True,rho,0.0
conj_neg_facts:540,conjunction,True,L,0.0
conj_neg_facts:540,conjunction,True,rho,0.0
conj_neg_facts:541,conjunction,True,L,0.0
conj_neg_facts:541,conjunction,True,rho,0.0
conj_neg_facts:542,conjunction,True,L,0.0
conj_neg_facts:542,conjunction,True,rho,0.0
conj_neg_facts:543,conjunction,True,L,0.0
conj_neg_facts:543,conjunction,True,rho,0.0
conj_neg_facts:544,conjunction,True,L,0.0
conj_neg_facts:544,conjunction,True,rho,0.0
conj_neg_facts:545,conjunction,True,L,0.0
conj_neg_facts:545,conjunction,True,rho,0.0
conj_neg_facts:546,conjunction,True,L,0.0
conj_neg_facts:546,conjunction,True,rho,0.0
conj_neg_facts:547,conjunction,True,L,0.0
conj_neg_facts:547,conjunction,True,rho,0.0
conj_neg_facts:548,conjunction,True,L,0.0
conj_neg_facts:548,conjunction,True,rho,0.0
conj_neg_facts:549,conjunction,True,L,0.0
conj_neg_facts:549,conjunction,True,rho,0.0
conj_neg_facts:550,conjunction,True,L,0.0
conj_neg_facts:550,conjunction,True,rho,0.0
conj_neg_facts:551,conjunction,True,L,0.0
conj_neg_facts:551,conjunction,True,rho,0.0
conj_neg_facts:552,conjunction,True,L,0.0
conj_neg_facts:552,conjunction,True,rho,0.0
conj_neg_facts:553,conjunction,True,L,0.0
conj_neg_facts:553,conjunction,True,rho,0.0
conj_neg_facts:554,conjunction,True,L,0.0
conj_neg_facts:554,conjunction,True,rho,0.0
conj_neg_facts:555,conjunction,True,L,0.0
conj_neg_facts:555,conjunction,True,rho,0.0
conj_neg_facts:556,conjunction,True,L,0.0
conj_neg_facts:556,conjunction,True,rho,0.0
conj_neg_facts:557,conjunction,True,L,0.0
conj_neg_facts:557,conjunction,True,rho,0.0
conj_neg_facts:558,conjunction,True,L,0.0
conj_neg_facts:558,conjunction,True,rho,0.0
conj_neg_facts:559,conjunction,True,L,0.0
conj_neg_facts:559,conjunction,True,rho,0.0
conj_neg_facts:560,conjunction,True,L,0.0
conj_neg_facts:560,conjunction,True,rho,0.0
neg_companies:pair:0,negation_pair,True,L,0.0
neg_companies:pair:1,negation_pair,True,L,0.0
neg_companies:pair:2,negation_pair,True,L,0.0
neg_companies:pair:3,negation_pair,True,L,0.0
neg_companies:pair:4,negation_pair,True,L,0.0
neg_companies:pair:5,negation_pair,True,L,0.0
neg_companies:pair:6,negation_pair,True,L,0.0
neg_companies:pair:7,negation_pair,True,L,0.0
neg_companies:pair:8,negation_pair,True,L,0.0
neg_companies:pair:9,negation_pair,True,L,0.0
neg_companies:pair:10,negation_pair,True,L,0.0
neg_companies:pair:11,negation_pair,True,L,0.0
neg_companies:pair:12,negation_pair,True,L,0.0
neg_companies:pair:13,negation_pair,True,L,0.0
neg_companies:pair:14,negation_pair,True,L,0.0
neg_companies:pair:15,negation_pair,True,L,0.0
neg_companies:pair:16,negation_pair,True,L,0.0
neg_companies:pair:17,negation_pair,True,L,0.0
neg_companies:pair:18,negation_pair,True,L,0.0
neg_companies:pair:19,negation_pair,True,L,0.0
neg_companies:pair:20,negation_pair,True,L,0.0
neg_companies:pair:21,negation_pair,True,L,0.0
neg_companies:pair:22,negation_pair,True,L,0.0
neg_companies:pair:23,negation_pair,True,L,0.0
neg_companies:pair:24,negation_pair,True,L,0.0
neg_companies:pair:25,negation_pair,True,L,0.0
neg_companies:pair:26,negation_pair,True,L,0.0
neg_companies:pair:27,negation_pair,True,L,0.0
neg_companies:pair:28,negation_pair,True,L,0.0
neg_companies:pair:29,negation_pair,True,L,0.0
neg_companies:pair:30,negation_pair,True,L,0.0
neg_companies:pair:31,negation_pair,True,L,0.0
neg_companies:pair:32,negation_pair,True,L,0.0
neg_companies:pair:33,negation_pair,True,L,0.0
neg_companies:pair:34,negation_pair,True,L,0.0
neg_companies:pair:35,negation_pair,True,L,0.0
neg_companies:pair:36,negation_pair,True,L,0.0
neg_companies:pair:37,negation_pair,True,L,0.0
neg_companies:pair:38,negation_pair,True,L,0.0
neg_companies:pair:39,negation_pair,True,L,0.0
neg_companies:pair:40,negation_pair,True,L,0.0
neg_companies:pair:41,negation_pair,True,L,0.0
neg_companies:pair:42,negation_pair,True,L,0.0
neg_companies:pair:43,negation_pair,True,L,0.0
neg_companies:pair:44,negation_pair,True,L,0.0
neg_companies:pair:45,negation_pair,True,L,0.0
neg_companies:pair:46,negation_pair,True,L,0.0
neg_companies:pair:47,negation_pair,True,L,0.0
neg_companies:pair:48,negation_pair,True,L,0.0
neg_companies:pair:49,negation_pair,True,L,0.0
neg_companies:pair:50,negation_pair,True,L,0.0
neg_companies:pair:51,negation_pair,True,L,0.0
neg_companies:pair:52,negation_pair,True,L,0.0
neg_companies:pair:53,negation_pair,True,L,0.0
neg_companies:pair:54,negation_pair,True,L,0.0
neg_companies:pair:55,negation_pair,True,L,0.0
neg_companies:pair:56,negation_pair,True,L,0.0
neg_companies:pair:57,negation_pair,True,L,0.0
neg_companies:pair:58,negation_pair,True,L,0.0
neg_companies:pair:59,negation_pair,True,L,0.0
neg_companies:pair:60,negation_pair,True,L,0.0
neg_companies:pair:61,negation_pair,True,L,0.0
neg_companies:pair:62,negation_pair,True,L,0.0
neg_companies:pair:63,negation_pair,True,L,0.0
neg_companies:pair:64,negation_pair,True,L,0.0
neg_companies:pair:65,negation_pair,True,L,0.0
neg_companies:pair:66,negation_pair,True,L,0.0
neg_companies:pair:67,negation_pair,True,L,0.0
neg_companies:pair:68,negation_pair,True,L,0.0
neg_companies:pair:69,negation_pair,True,L,0.0
neg_companies:pair:70,negation_pair,True,L,0.0
neg_companies:pair:71,negation_pair,True,L,0.0
neg_companies:pair:72,negation_pair,True,L,0.0
neg_companies:pair:73,negation_pair,True,L,0.0
neg_companies:pair:74,negation_pair,True,L,0.0
neg_companies:pair:75,negation_pair,True,L,0.0
neg_companies:pair:76,negation_pair,True,L,0.0
neg_companies:pair:77,negation_pair,True,L,0.0
neg_companies:pair:78,negation_pair,True,L,0.0
neg_companies:pair:79,negation_pair,True,L,0.0
neg_companies:pair:80,negation_pair,True,L,0.0
neg_companies:pair:81,negation_pair,True,L,0.0
neg_companies:pair:82,negation_pair,True,L,0.0
neg_companies:pair:83,negation_pair,True,L,0.0
neg_companies:pair:84,negation_pair,True,L,0.0
neg_companies:pair:85,negation_pair,True,L,0.0
neg_companies:pair:86,negation_pair,True,L,0.0
neg_companies:pair:87,negation_pair,True,L,0.0
neg_companies:pair:88,negation_pair,True,L,0.0
neg_companies:pair:89,negation_pair,True,L,0.0
neg_companies:pair:90,negation_pair,True,L,0.0
neg_companies:pair:91,negation_pair,True,L,0.0
neg_companies:pair:92,negation_pair,True,L,0.0
neg_companies:pair:93,negation_pair,True,L,0.0
neg_companies:pair:94,negation_pair,True,L,0.0
neg_companies:pair:95,negation_pair,True,L,0.0
neg_companies:pair:96,negation_pair,True,L,0.0
neg_companies:pair:97,negation_pair,True,L,0.0
neg_companies:pair:98,negation_pair,True,L,0.0
neg_companies:pair:99,negation_pair,True,L,0.0
neg_companies:pair:100,negation_pair,True,L,0.0
neg_companies:pair:101,negation_pair,True,L,0.0
neg_companies:pair:102,negation_pair,True,L,0.0
neg_companies:pair:103,negation_pair,True,L,0.0
neg_companies:pair:104,negation_pair,True,L,0.0
neg_companies:pair:105,negation_pair,True,L,0.0
neg_companies:pair:106,negation_pair,True,L,0.0
neg_companies:pair:107,negation_pair,True,L,0.0
neg_companies:pair:108,negation_pair,True,L,0.0
neg_companies:pair:109,negation_pair,True,L,0.0
neg_companies:pair:110,negation_pair,True,L,0.0
neg_companies:pair:111,negation_pair,True,L,0.0
neg_companies:pair:112,negation_pair,True,L,0.0
neg_companies:pair:113,negation_pair,True,L,0.0
neg_companies:pair:114,negation_pair,True,L,0.0
neg_companies:pair:115,negation_pair,True,L,0.0
neg_companies:pair:116,negation_pair,True,L,0.0
neg_companies:pair:117,negation_pair,True,L,0.0
neg_companies:pair:118,negation_pair,True,L,0.0
neg_companies:pair:119,negation_pair,True,L,0.0
neg_companies:pair:120,negation_pair,True,L,0.0
neg_companies:pair:121,negation_pair,True,L,0.0
neg_companies:pair:122,negation_pair,True,L,0.0
neg_companies:pair:123,negation_pair,True,L,0.0
neg_companies:pair:124,negation_pair,True,L,0.0
neg_companies:pair:125,negation_pair,True,L,0.0
neg_companies:pair:126,negation_pair,True,L,0.0
neg_companies:pair:127,negation_pair,True,L,0.0
neg_companies:pair:128,negation_pair,True,L,0.0
neg_companies:pair:129,negation_pair,True,L,0.0
neg_companies:pair:130,negation_pair,True,L,0.0
neg_companies:pair:131,negation_pair,True,L,0.0
neg_companies:pair:132,negation_pair,True,L,0.0
neg_companies:pair:133,negation_pair,True,L,0.0
neg_companies:pair:134,negation_pair,True,L,0.0
neg_companies:pair:135,negation_pair,True,L,0.0
neg_companies:pair:136,negation_pair,True,L,0.0
neg_companies:pair:137,negation_pair,True,L,0.0
neg_companies:pair:138,negation_pair,True,L,0.0
neg_companies:pair:139,negation_pair,True,L,0.0
neg_companies:pair:140,negation_pair,True,L,0.0
neg_companies:pair:141,negation_pair,True,L,0.0
neg_companies:pair:142,negation_pair,True,L,0.0
neg_companies:pair:143,negation_pair,True,L,0.0
neg_companies:pair:144,negation_pair,True,L,0.0
neg_companies:pair:145,negation_pair,True,L,0.0
neg_companies:pair:146,negation_pair,True,L,0.0
neg_companies:pair:147,negation_pair,True,L,0.0
neg_companies:pair:148,negation_pair,True,L,0.0
neg_companies:pair:149,negation_pair,True,L,0.0
neg_companies:pair:150,negation_pair,True,L,0.0
neg_companies:pair:151,negation_pair,True,L,0.0
neg_companies:pair:152,negation_pair,True,L,0.0
neg_companies:pair:153,negation_pair,True,L,0.0
neg_companies:pair:154,negation_pair,True,L,0.0
neg_companies:pair:155,negation_pair,True,L,0.0
neg_companies:pair:156,negation_pair,True,L,0.0
neg_companies:pair:157,negation_pair,True,L,0.0
neg_companies:pair:158,negation_pair,True,L,0.0
neg_companies:pair:159,negation_pair,True,L,0.0
neg_companies:pair:160,negation_pair,True,L,0.0
neg_companies:pair:161,negation_pair,True,L,0.0
neg_companies:pair:162,negation_pair,True,L,0.0
neg_companies:pair:163,negation_pair,True,L,0.0
neg_companies:pair:164,negation_pair,True,L,0.0
neg_companies:pair:165,negation_pair,True,L,0.0
neg_companies:pair:166,negation_pair,True,L,0.0
neg_companies:pair:167,negation_pair,True,L,0.0
neg_companies:pair:168,negation_pair,True,L,0.0
neg_companies:pair:169,negation_pair,True,L,0.0
neg_companies:pair:170,negation_pair,True,L,0.0
neg_companies:pair:171,negation_pair,True,L,0.0
neg_companies:pair:172,negation_pair,True,L,0.0
neg_companies:pair:173,negation_pair,True,L,0.0
neg_companies:pair:174,negation_pair,True,L,0.0
neg_companies:pair:175,negation_pair,True,L,0.0
neg_companies:pair:176,negation_pair,True,L,0.0
neg_companies:pair:177,negation_pair,True,L,0.0
neg_companies:pair:178,negation_pair,True,L,0.0
neg_companies:pair:179,negation_pair,True,L,0.0
neg_companies:pair:180,negation_pair,True,L,0.0
neg_companies:pair:181,negation_pair,True,L,0.0
neg_companies:pair:182,negation_pair,True,L,0.0
neg_companies:pair:183,negation_pair,True,L,0.0
neg_companies:pair:184,negation_pair,True,L,0.0
neg_companies:pair:185,negation_pair,True,L,0.0
neg_companies:pair:186,negation_pair,True,L,0.0
neg_companies:pair:187,negation_pair,True,L,0.0
neg_companies:pair:188,negation_pair,True,L,0.0
neg_companies:pair:189,negation_pair,True,L,0.0
neg_companies:pair:190,negation_pair,True,L,0.0
neg_companies:pair:191,negation_pair,True,L,0.0
neg_companies:pair:192,negation_pair,True,L,0.0
neg_companies:pair:193,negation_pair,True,L,0.0
neg_companies:pair:194,negation_pair,True,L,0.0
neg_companies:pair:195,negation_pair,True,L,0.0
neg_companies:pair:196,negation_pair,True,L,0.0
neg_companies:pair:197,negation_pair,True,L,0.0
neg_companies:pair:198,negation_pair,True,L,0.0
neg_companies:pair:199,negation_pair,True,L,0.0
neg_companies:pair:200,negation_pair,True,L,0.0
neg_companies:pair:201,negation_pair,True,L,0.0
neg_companies:pair:202,negation_pair,True,L,0.0
neg_companies:pair:203,negation_pair,True,L,0.0
neg_companies:pair:204,negation_pair,True,L,0.0
neg_companies:pair:205,negation_pair,True,L,0.0
neg_companies:pair:206,negation_pair,True,L,0.0
neg_companies:pair:207,negation_pair,True,L,0.0
neg_companies:pair:208,negation_pair,True,L,0.0
neg_companies:pair:209,negation_pair,True,L,0.0
neg_companies:pair:210,negation_pair,True,L,0.0
neg_companies:pair:211,negation_pair,True,L,0.0
neg_companies:pair:212,negation_pair,True,L,0.0
neg_companies:pair:213,negation_pair,True,L,0.0
neg_companies:pair:214,negation_pair,True,L,0.0
neg_companies:pair:215,negation_pair,True,L,0.0
neg_companies:pair:216,negation_pair,True,L,0.0
neg_companies:pair:217,negation_pair,True,L,0.0
neg_companies:pair:218,negation_pair,True,L,0.0
neg_companies:pair:219,negation_pair,True,L,0.0
neg_companies:pair:220,negation_pair,True,L,0.0
neg_companies:pair:221,negation_pair,True,L,0.0
neg_companies:pair:222,negation_pair,True,L,0.0
neg_companies:pair:223,negation_pair,True,L,0.0
neg_companies:pair:224,negation_pair,True,L,0.0
neg_companies:pair:225,negation_pair,True,L,0.0
neg_companies:pair:226,negation_pair,True,L,0.0
neg_companies:pair:227,negation_pair,True,L,0.0
neg_companies:pair:228,negation_pair,True,L,0.0
neg_companies:pair:229,negation_pair,True,L,0.0
neg_companies:pair:230,negation_pair,True,L,0.0
neg_companies:pair:231,negation_pair,True,L,0.0
neg_companies:pair:232,negation_pair,True,L,0.0
neg_companies:pair:233,negation_pair,True,L,0.0
neg_companies:pair:234,negation_pair,True,L,0.0
neg_companies:pair:235,negation_pair,True,L,0.0
neg_companies:pair:236,negation_pair,True,L,0.0
neg_companies:pair:237,negation_pair,True,L,0.0
neg_companies:pair:238,negation_pair,True,L,0.0
neg_companies:pair:239,negation_pair,True,L,0.0
neg_companies:pair:240,negation_pair,True,L,0.0
neg_companies:pair:241,negation_pair,True,L,0.0
neg_companies:pair:242,negation_pair,True,L,0.0
neg_companies:pair:243,negation_pair,True,L,0.0
neg_companies:pair:244,negation_pair,True,L,0.0
neg_companies:pair:245,negation_pair,True,L,0.0
neg_companies:pair:246,negation_pair,True,L,0.0
neg_companies:pair:247,negation_pair,True,L,0.0
neg_companies:pair:248,negation_pair,True,L,0.0
neg_companies:pair:249,negation_pair,True,L,0.0
neg_companies:pair:250,negation_pair,True,L,0.0
neg_companies:pair:251,negation_pair,True,L,0.0
neg_companies:pair:252,negation_pair,True,L,0.0
neg_companies:pair:253,negation_pair,True,L,0.0
neg_companies:pair:254,negation_pair,True,L,0.0
neg_companies:pair:255,negation_pair,True,L,0.0
neg_companies:pair:306,negation_pair,True,L,0.0
neg_companies:pair:307,negation_pair,True,L,0.0
neg_companies:pair:308,negation_pair,True,L,0.0
neg_companies:pair:309,negation_pair,True,L,0.0
neg_companies:pair:310,negation_pair,True,L,0.0
neg_companies:pair:311,negation_pair,True,L,0.0
neg_companies:pair:312,negation_pair,True,L,0.0
neg_companies:pair:313,negation_pair,True,L,0.0
neg_companies:pair:314,negation_pair,True,L,0.0
neg_companies:pair:315,negation_pair,True,L,0.0
neg_companies:pair:316,negation_pair,True,L,0.0
neg_companies:pair:317,negation_pair,True,L,0.0
neg_companies:pair:318,negation_pair,True,L,0.0
neg_companies:pair:319,negation_pair,True,L,0.0
neg_companies:pair:320,negation_pair,True,L,0.0
neg_companies:pair:321,negation_pair,True,L,0.0
neg_companies:pair:322,negation_pair,True,L,0.0
neg_companies:pair:323,negation_pair,True,L,0.0
neg_companies:pair:324,negation_pair,True,L,0.0
neg_companies:pair:325,negation_pair,True,L,0.0
neg_companies:pair:326,negation_pair,True,L,0.0
neg_companies:pair:327,negation_pair,True,L,0.0
neg_companies:pair:328,negation_pair,True,L,0.0
neg_companies:pair:329,negation_pair,True,L,0.0
neg_companies:pair:330,negation_pair,True,L,0.0
neg_companies:pair:331,negation_pair,True,L,0.0
neg_companies:pair:332,negation_pair,True,L,0.0
neg_companies:pair:333,negation_pair,True,L,0.0
neg_companies:pair:334,negation_pair,True,L,0.0
neg_companies:pair:335,negation_pair,True,L,0.0
neg_companies:pair:336,negation_pair,True,L,0.0
neg_companies:pair:337,negation_pair,True,L,0.0
neg_companies:pair:338,negation_pair,True,L,0.0
neg_companies:pair:339,negation_pair,True,L,0.0
neg_companies:pair:340,negation_pair,True,L,0.0
neg_companies:pair:341,negation_pair,True,L,0.0
neg_companies:pair:342,negation_pair,True,L,0.0
neg_companies:pair:343,negation_pair,True,L,0.0
neg_companies:pair:344,negation_pair,True,L,0.0
neg_companies:pair:345,negation_pair,True,L,0.0
neg_companies:pair:346,negation_pair,True,L,0.0
neg_companies:pair:347,negation_pair,True,L,0.0
neg_companies:pair:348,negation_pair,True,L,0.0
neg_companies:pair:349,negation_pair,True,L,0.0
neg_companies:pair:350,negation_pair,True,L,0.0
neg_companies:pair:351,negation_pair,True,L,0.0
neg_companies:pair:352,negation_pair,True,L,0.0
neg_companies:pair:353,negation_pair,True,L,0.0
neg_companies:pair:354,negation_pair,True,L,0.0
neg_companies:pair:355,negation_pair,True,L,0.0
neg_companies:pair:356,negation_pair,True,L,0.0
neg_companies:pair:357,negation_pair,True,L,0.0
neg_companies:pair:358,negation_pair,True,L,0.0
neg_companies:pair:359,negation_pair,True,L,0.0
neg_companies:pair:360,negation_pair,True,L,0.0
neg_companies:pair:361,negation_pair,True,L,0.0
neg_companies:pair:362,negation_pair,True,L,0.0
neg_companies:pair:363,negation_pair,True,L,0.0
neg_companies:pair:364,negation_pair,True,L,0.0
neg_companies:pair:365,negation_pair,True,L,0.0
neg_companies:pair:366,negation_pair,True,L,0.0
neg_companies:pair:367,negation_pair,True,L,0.0
neg_companies:pair:368,negation_pair,True,L,0.0
neg_companies:pair:369,negation_pair,True,L,0.0
neg_companies:pair:370,negation_pair,True,L,0.0
neg_companies:pair:371,negation_pair,True,L,0.0
neg_companies:pair:372,negation_pair,True,L,0.0
neg_companies:pair:373,negation_pair,True,L,0.0
neg_companies:pair:374,negation_pair,True,L,0.0
neg_companies:pair:375,negation_pair,True,L,0.0
neg_companies:pair:376,negation_pair,True,L,0.0
neg_companies:pair:377,negation_pair,True,L,0.0
neg_companies:pair:378,negation_pair,True,L,0.0
neg_companies:pair:379,negation_pair,True,L,0.0
neg_companies:pair:380,negation_pair,True,L,0.0
neg_companies:pair:381,negation_pair,True,L,0.0
neg_companies:pair:382,negation_pair,True,L,0.0
neg_companies:pair:383,negation_pair,True,L,0.0
neg_companies:pair:384,negation_pair,True,L,0.0
neg_companies:pair:385,negation_pair,True,L,0.0
neg_companies:pair:386,negation_pair,True,L,0.0
neg_companies:pair:387,negation_pair,True,L,0.0
neg_companies:pair:388,negation_pair,True,L,0.0
neg_companies:pair:389,negation_pair,True,L,0.0
neg_companies:pair:390,negation_pair,True,L,0.0
neg_companies:pair:391,negation_pair,True,L,0.0
neg_companies:pair:392,negation_pair,True,L,0.0
neg_companies:pair:393,negation_pair,True,L,0.0
neg_companies:pair:394,negation_pair,True,L,0.0
neg_companies:pair:395,negation_pair,True,L,0.0
neg_companies:pair:396,negation_pair,True,L,0.0
neg_companies:pair:397,negation_pair,True,L,0.0
neg_companies:pair:398,negation_pair,True,L,0.0
neg_companies:pair:399,negation_pair,True,L,0.0
neg_companies:pair:400,negation_pair,True,L,0.0
neg_companies:pair:401,negation_pair,True,L,0.0
neg_companies:pair:402,negation_pair,True,L,0.0
neg_companies:pair:403,negation_pair,True,L,0.0
neg_companies:pair:404,negation_pair,True,L,0.0
neg_companies:pair:405,negation_pair,True,L,0.0
neg_companies:pair:406,negation_pair,True,L,0.0
neg_companies:pair:407,negation_pair,True,L,0.0
neg_companies:pair:408,negation_pair,True,L,0.0
neg_companies:pair:409,negation_pair,True,L,0.0
neg_companies:pair:410,negation_pair,True,L,0.0
neg_companies:pair:411,negation_pair,True,L,0.0
neg_companies:pair:412,negation_pair,True,L,0.0
neg_companies:pair:413,negation_pair,True,L,0.0
neg_companies:pair:414,negation_pair,True,L,0.0
neg_companies:pair:415,negation_pair,True,L,0.0
neg_companies:pair:416,negation_pair,True,L,0.0
neg_companies:pair:417,negation_pair,True,L,0.0
neg_companies:pair:418,negation_pair,True,L,0.0
neg_companies:pair:419,negation_pair,True,L,0.0
neg_companies:pair:420,negation_pair,True,L,0.0
neg_companies:pair:421,negation_pair,True,L,0.0
neg_companies:pair:422,negation_pair,True,L,0.0
neg_companies:pair:423,negation_pair,True,L,0.0
neg_companies:pair:424,negation_pair,True,L,0.0
neg_companies:pair:425,negation_pair,True,L,0.0
neg_companies:pair:426,negation_pair,True,L,0.0
neg_companies:pair:427,negation_pair,True,L,0.0
neg_companies:pair:428,negation_pair,True,L,0.0
neg_companies:pair:429,negation_pair,True,L,0.0
neg_companies:pair:430,negation_pair,True,L,0.0
neg_companies:pair:431,negation_pair,True,L,0.0
neg_companies:pair:432,negation_pair,True,L,0.0
neg_companies:pair:433,negation_pair,True,L,0.0
neg_companies:pair:434,negation_pair,True,L,0.0
neg_companies:pair:435,negation_pair,True,L,0.0
neg_companies:pair:436,negation_pair,True,L,0.0
neg_companies:pair:437,negation_pair,True,L,0.0
neg_companies:pair:438,negation_pair,True,L,0.0
neg_companies:pair:439,negation_pair,True,L,0.0
neg_companies:pair:440,negation_pair,True,L,0.0
neg_companies:pair:441,negation_pair,True,L,0.0
neg_companies:pair:442,negation_pair,True,L,0.0
neg_companies:pair:443,negation_pair,True,L,0.0
neg_companies:pair:444,negation_pair,True,L,0.0
neg_companies:pair:445,negation_pair,True,L,0.0
neg_companies:pair:446,negation_pair,True,L,0.0
neg_companies:pair:447,negation_pair,True,L,0.0
neg_companies:pair:448,negation_pair,True,L,0.0
neg_companies:pair:449,negation_pair,True,L,0.0
neg_companies:pair:450,negation_pair,True,L,0.0
neg_companies:pair:451,negation_pair,True,L,0.0
neg_companies:pair:452,negation_pair,True,L,0.0
neg_companies:pair:453,negation_pair,True,L,0.0
neg_companies:pair:454,negation_pair,True,L,0.0
neg_companies:pair:455,negation_pair,True,L,0.0
neg_companies:pair:456,negation_pair,True,L,0.0
neg_companies:pair:457,negation_pair,True,L,0.0
neg_companies:pair:458,negation_pair,True,L,0.0
neg_companies:pair:459,negation_pair,True,L,0.0
neg_companies:pair:460,negation_pair,True,L,0.0
neg_companies:pair:461,negation_pair,True,L,0.0
neg_companies:pair:462,negation_pair,True,L,0.0
neg_companies:pair:463,negation_pair,True,L,0.0
neg_companies:pair:464,negation_pair,True,L,0.0
neg_companies:pair:465,negation_pair,True,L,0.0
neg_companies:pair:466,negation_pair,True,L,0.0
neg_companies:pair:467,negation_pair,True,L,0.0
neg_companies:pair:468,negation_pair,True,L,0.0
neg_companies:pair:469,negation_pair,True,L,0.0
neg_companies:pair:470,negation_pair,True,L,0.0
neg_companies:pair:471,negation_pair,True,L,0.0
neg_companies:pair:472,negation_pair,True,L,0.0
neg_companies:pair:473,negation_pair,True,L,0.0
neg_companies:pair:474,negation_pair,True,L,0.0
neg_companies:pair:475,negation_pair,True,L,0.0
neg_companies:pair:476,negation_pair,True,L,0.0
neg_companies:pair:477,negation_pair,True,L,0.0
neg_companies:pair:478,negation_pair,True,L,0.0
neg_companies:pair:479,negation_pair,True,L,0.0
neg_companies:pair:480,negation_pair,True,L,0.0
neg_companies:pair:481,negation_pair,True,L,0.0
neg_companies:pair:482,negation_pair,True,L,0.0
neg_companies:pair:483,negation_pair,True,L,0.0
neg_companies:pair:484,negation_pair,True,L,0.0
neg_companies:pair:485,negation_pair,True,L,0.0
neg_companies:pair:486,negation_pair,True,L,0.0
neg_companies:pair:487,negation_pair,True,L,0.0
neg_companies:pair:488,negation_pair,True,L,0.0
neg_companies:pair:489,negation_pair,True,L,0.0
neg_companies:pair:490,negation_pair,True,L,0.0
neg_companies:pair:491,negation_pair,True,L,0.0
neg_companies:pair:492,negation_pair,True,L,0.0
neg_companies:pair:493,negation_pair,True,L,0.0
neg_companies:pair:494,negation_pair,True,L,0.0
neg_companies:pair:495,negation_pair,True,L,0.0
neg_companies:pair:496,negation_pair,True,L,0.0
neg_companies:pair:497,negation_pair,True,L,0.0
neg_companies:pair:498,negation_pair,True,L,0.0
neg_companies:pair:499,negation_pair,True,L,0.0
neg_companies:pair:500,negation_pair,True,L,0.0
neg_companies:pair:501,negation_pair,True,L,0.0
neg_companies:pair:502,negation_pair,True,L,0.0
neg_companies:pair:503,negation_pair,True,L,0.0
neg_companies:pair:504,negation_pair,True,L,0.0
neg_companies:pair:505,negation_pair,True,L,0.0
neg_companies:pair:506,negation_pair,True,L,0.0
neg_companies:pair:507,negation_pair,True,L,0.0
neg_companies:pair:508,negation_pair,True,L,0.0
neg_companies:pair:509,negation_pair,True,L,0.0
neg_companies:pair:510,negation_pair,True,L,0.0
neg_companies:pair:511,negation_pair,True,L,0.0
neg_companies:pair:512,negation_pair,True,L,0.0
neg_companies:pair:513,negation_pair,True,L,0.0
neg_companies:pair:514,negation_pair,True,L,0.0
neg_companies:pair:515,negation_pair,True,L,0.0
neg_companies:pair:516,negation_pair,True,L,0.0
neg_companies:pair:517,negation_pair,True,L,0.0
neg_companies:pair:518,negation_pair,True,L,0.0
neg_companies:pair:519,negation_pair,True,L,0.0
neg_companies:pair:520,negation_pair,True,L,0.0
neg_companies:pair:521,negation_pair,True,L,0.0
neg_companies:pair:522,negation_pair,True,L,0.0
neg_companies:pair:523,negation_pair,True,L,0.0
neg_companies:pair:524,negation_pair,True,L,0.0
neg_companies:pair:525,negation_pair,True,L,0.0
neg_companies:pair:526,negation_pair,True,L,0.0
neg_companies:pair:527,negation_pair,True,L,0.0
neg_companies:pair:528,negation_pair,True,L,0.0
neg_companies:pair:529,negation_pair,True,L,0.0
neg_companies:pair:530,negation_pair,True,L,0.0
neg_companies:pair:531,negation_pair,True,L,0.0
neg_companies:pair:532,negation_pair,True,L,0.0
neg_companies:pair:533,negation_pair,True,L,0.0
neg_companies:pair:534,negation_pair,True,L,0.0
neg_companies:pair:535,negation_pair,True,L,0.0
neg_companies:pair:536,negation_pair,True,L,0.0
neg_companies:pair:537,negation_pair,True,L,0.0
neg_companies:pair:538,negation_pair,True,L,0.0
neg_companies:pair:539,negation_pair,True,L,0.0
neg_companies:pair:540,negation_pair,True,L,0.0
neg_companies:pair:541,negation_pair,True,L,0.0
neg_companies:pair:542,negation_pair,True,L,0.0
neg_companies:pair:543,negation_pair,True,L,0.0
neg_companies:pair:544,negation_pair,True,L,0.0
neg_companies:pair:545,negation_pair,True,L,0.0
neg_companies:pair:546,negation_pair,True,L,0.0
neg_companies:pair:547,negation_pair,True,L,0.0
neg_companies:pair:548,negation_pair,True,L,0.0
neg_companies:pair:549,negation_pair,True,L,0.0
conj_neg_companies:0,conjunction,True,L,0.0
conj_neg_companies:0,conjunction,True,rho,0.0
conj_neg_companies:1,conjunction,True,L,0.0
conj_neg_companies:1,conjunction,True,rho,0.0
conj_neg_companies:2,conjunction,True,L,0.0
conj_neg_companies:2,conjunction,True,rho,0.0
conj_neg_companies:3,conjunction,True,L,0.0
conj_neg_companies:3,conjunction,True,rho,0.0
conj_neg_companies:4,conjunction,True,L,0.0
conj_neg_companies:4,conjunction,True,rho,0.0
conj_neg_companies:5,conjunction,True,L,0.0
conj_neg_companies:5,conjunction,True,rho,0.0
conj_neg_companies:6,conjunction,True,L,0.0
conj_neg_companies:6,conjunction,True,rho,0.0
conj_neg_companies:7,conjunction,True,L,0.0
conj_neg_companies:7,conjunction,True,rho,0.0
conj_neg_companies:8,conjunction,True,L,0.0
conj_neg_companies:8,conjunction,True,rho,0.0
conj_neg_companies:9,conjunction,True,L,0.0
conj_neg_companies:9,conjunction,True,rho,0.0
conj_neg_companies:10,conjunction,True,L,0.0
conj_neg_companies:10,conjunction,True,rho,0.0
conj_neg_companies:11,conjunction,True,L,0.0
conj_neg_companies:11,conjunction,True,rho,0.0
conj_neg_companies:12,conjunction,True,L,0.0
conj_neg_companies:12,conjunction,True,rho,0.0
conj_neg_companies:13,conjunction,True,L,0.0
conj_neg_companies:13,conjunction,True,rho,0.0
conj_neg_companies:14,conjunction,True,L,0.0
conj_neg_companies:14,conjunction,True,rho,0.0
conj_neg_companies:15,conjunction,True,L,0.0
conj_neg_companies:15,conjunction,True,rho,0.0
conj_neg_companies:16,conjunction,True,L,0.0
conj_neg_companies:16,conjunction,True,rho,0.0
conj_neg_companies:17,conjunction,True,L,0.0
conj_neg_companies:17,conjunction,True,rho,0.0
conj_neg_companies:18,conjunction,True,L,0.0
conj_neg_companies:18,conjunction,True,rho,0.0
conj_neg_companies:19,conjunction,True,L,0.0
conj_neg_companies:19,conjunction,True,rho,0.0
conj_neg_companies:20,conjunction,True,L,0.0
conj_neg_companies:20,conjunction,True,rho,0.0
conj_neg_companies:21,conjunction,True,L,0.0
conj_neg_companies:21,conjunction,True,rho,0.0
conj_neg_companies:22,conjunction,True,L,0.0
conj_neg_companies:22,conjunction,True,rho,0.0
conj_neg_companies:23,conjunction,True,L,0.0
conj_neg_companies:23,conjunction,True,rho,0.0
conj_neg_companies:24,conjunction,True,L,0.0
conj_neg_companies:24,conjunction,True,rho,0.0
conj_neg_companies:25,conjunction,True,L,0.0
conj_neg_companies:25,conjunction,True,rho,0.0
conj_neg_companies:26,conjunction,True,L,0.0
conj_neg_companies:26,conjunction,True,rho,0.0
conj_neg_companies:27,conjunction,True,L,0.0
conj_neg_companies:27,conjunction,True,rho,0.0
conj_neg_companies:28,conjunction,True,L,0.0
conj_neg_companies:28,conjunction,True,rho,0.0
conj_neg_companies:29,conjunction,True,L,0.0
conj_neg_companies:29,conjunction,True,rho,0.0
conj_neg_companies:30,conjunction,True,L,0.0
conj_neg_companies:30,conjunction,True,rho,0.0
conj_neg_companies:31,conjunction,True,L,0.0
conj_neg_companies:31,conjunction,True,rho,0.0
conj_neg_companies:32,conjunction,True,L,0.0
conj_neg_companies:32,conjunction,True,rho,0.0
conj_neg_companies:33,conjunction,True,L,0.0
conj_neg_companies:33,conjunction,True,rho,0.0
conj_neg_companies:34,conjunction,True,L,0.0
conj_neg_companies:34,conjunction,True,rho,0.0
conj_neg_companies:35,conjunction,True,L,0.0
conj_neg_companies:35,conjunction,True,rho,0.0
conj_neg_companies:36,conjunction,True,L,0.0
conj_neg_companies:36,conjunction,True,rho,0.0
conj_neg_companies:37,conjunction,True,L,0.0
conj_neg_companies:37,conjunction,True,rho,0.0
conj_neg_companies:38,conjunction,True,L,0.0
conj_neg_companies:38,conjunction,True,rho,0.0
conj_neg_companies:39,conjunction,True,L,0.0
conj_neg_companies:39,conjunction,True,rho,0.0
conj_neg_companies:40,conjunction,True,L,0.0
conj_neg_companies:40,conjunction,True,rho,0.0
conj_neg_companies:41,conjunction,True,L,0.0
conj_neg_companies:41,conjunction,True,rho,0.0
conj_neg_companies:42,conjunction,True,L,0.0
conj_neg_companies:42,conjunction,True,rho,0.0
conj_neg_companies:43,conjunction,True,L,0.0
conj_neg_companies:43,conjunction,True,rho,0.0
conj_neg_companies:44,conjunction,True,L,0.0
conj_neg_companies:44,conjunction,True,rho,0.0
conj_neg_companies:45,conjunction,True,L,0.0
conj_neg_companies:45,conjunction,True,rho,0.0
conj_neg_companies:46,conjunction,True,L,0.0
conj_neg_companies:46,conjunction,True,rho,0.0
conj_neg_companies:47,conjunction,True,L,0.0
conj_neg_companies:47,conjunction,True,rho,0.0
conj_neg_companies:48,conjunction,True,L,0.0
conj_neg_companies:48,conjunction,True,rho,0.0
conj_neg_companies:49,conjunction,True,L,0.0
conj_neg_companies:49,conjunction,True,rho,0.0
conj_neg_companies:50,conjunction,True,L,0.0
conj_neg_companies:50,conjunction,True,rho,0.0
conj_neg_companies:51,conjunction,True,L,0.0
conj_neg_companies:51,conjunction,True,rho,0.0
conj_neg_companies:52,conjunction,True,L,0.0
conj_neg_companies:52,conjunction,True,rho,0.0
conj_neg_companies:53,conjunction,True,L,0.0
conj_neg_companies:53,conjunction,True,rho,0.0
conj_neg_companies:54,conjunction,True,L,0.0
conj_neg_companies:54,conjunction,True,rho,0.0
conj_neg_companies:55,conjunction,True,L,0.0
conj_neg_companies:55,conjunction,True,rho,0.0
conj_neg_companies:56,conjunction,True,L,0.0
conj_neg_companies:56,conjunction,True,rho,0.0
conj_neg_companies:57,conjunction,True,L,0.0
conj_neg_companies:57,conjunction,True,rho,0.0
conj_neg_companies:58,conjunction,True,L,0.0
conj_neg_companies:58,conjunction,True,rho,0.0
conj_neg_companies:59,conjunction,True,L,0.0
conj_neg_companies:59,conjunction,True,rho,0.0
conj_neg_companies:60,conjunction,True,L,0.0
conj_neg_companies:60,conjunction,True,rho,0.0
conj_neg_companies:61,conjunction,True,L,0.0
conj_neg_companies:61,conjunction,True,rho,0.0
conj_neg_companies:62,conjunction,True,L,0.0
conj_neg_companies:62,conjunction,True,rho,0.0
conj_neg_companies:63,conjunction,True,L,0.0
conj_neg_companies:63,conjunction,True,rho,0.0
conj_neg_companies:64,conjunction,True,L,0.0
conj_neg_companies:64,conjunction,True,rho,0.0
conj_neg_companies:65,conjunction,True,L,0.0
conj_neg_companies:65,conjunction,True,rho,0.0
conj_neg_companies:66,conjunction,True,L,0.0
conj_neg_companies:66,conjunction,True,rho,0.0
conj_neg_companies:67,conjunction,True,L,0.0
conj_neg_companies:67,conjunction,True,rho,0.0
conj_neg_companies:68,conjunction,True,L,0.0
conj_neg_companies:68,conjunction,True,rho,0.0
conj_neg_companies:69,conjunction,True,L,0.0
conj_neg_companies:69,conjunction,True,rho,0.0
conj_neg_companies:70,conjunction,True,L,0.0
conj_neg_companies:70,conjunction,True,rho,0.0
conj_neg_companies:71,conjunction,True,L,0.0
conj_neg_companies:71,conjunction,True,rho,0.0
conj_neg_companies:72,conjunction,True,L,0.0
conj_neg_companies:72,conjunction,True,rho,0.0
conj_neg_companies:73,conjunction,True,L,0.0
conj_neg_companies:73,conjunction,True,rho,0.0
conj_neg_companies:74,conjunction,True,L,0.0
conj_neg_companies:74,conjunction,True,rho,0.0
conj_neg_companies:75,conjunction,True,L,0.0
conj_neg_companies:75,conjunction,True,rho,0.0
conj_neg_companies:76,conjunction,True,L,0.0
conj_neg_companies:76,conjunction,True,rho,0.0
conj_neg_companies:77,conjunction,True,L,0.0
conj_neg_companies:77,conjunction,True,rho,0.0
conj_neg_companies:78,conjunction,True,L,0.0
conj_neg_companies:78,conjunction,True,rho,0.0
conj_neg_companies:79,conjunction,True,L,0.0
conj_neg_companies:79,conjunction,True,rho,0.0
conj_neg_companies:80,conjunction,True,L,0.0
conj_neg_companies:80,conjunction,True,rho,0.0
conj_neg_companies:81,conjunction,True,L,0.0
conj_neg_companies:81,conjunction,True,rho,0.0
conj_neg_companies:82,conjunction,True,L,0.0
conj_neg_companies:82,conjunction,True,rho,0.0
conj_neg_companies:83,conjunction,True,L,0.0
conj_neg_companies:83,conjunction,True,rho,0.0
conj_neg_companies:84,conjunction,True,L,0.0
conj_neg_companies:84,conjunction,True,rho,0.0
conj_neg_companies:85,conjunction,True,L,0.0
conj_neg_companies:85,conjunction,True,rho,0.0
conj_neg_companies:86,conjunction,True,L,0.0
conj_neg_companies:86,conjunction,True,rho,0.0
conj_neg_companies:87,conjunction,True,L,0.0
conj_neg_companies:87,conjunction,True,rho,0.0
conj_neg_companies:88,conjunction,True,L,0.0
conj_neg_companies:88,conjunction,True,rho,0.0
conj_neg_companies:89,conjunction,True,L,0.0
conj_neg_companies:89,conjunction,True,rho,0.0
conj_neg_companies:90,conjunction,True,L,0.0
conj_neg_companies:90,conjunction,True,rho,0.0
conj_neg_companies:91,conjunction,True,L,0.0
conj_neg_companies:91,conjunction,True,rho,0.0
conj_neg_companies:92,conjunction,True,L,0.0
conj_neg_companies:92,conjunction,True,rho,0.0
conj_neg_companies:93,conjunction,True,L,0.0
conj_neg_companies:93,conjunction,True,rho,0.0
conj_neg_companies:94,conjunction,True,L,0.0
conj_neg_companies:94,conjunction,True,rho,0.0
conj_neg_companies:95,conjunction,True,L,0.0
conj_neg_companies:95,conjunction,True,rho,0.0
conj_neg_companies:96,conjunction,True,L,0.0
conj_neg_companies:96,conjunction,True,rho,0.0
conj_neg_companies:97,conjunction,True,L,0.0
conj_neg_companies:97,conjunction,True,rho,0.0
conj_neg_companies:98,conjunction,True,L,0.0
conj_neg_companies:98,conjunction,True,rho,0.0
conj_neg_companies:100,conjunction,True,L,0.0
conj_neg_companies:100,conjunction,True,rho,0.0
conj_neg_companies:101,conjunction,True,L,0.0
conj_neg_companies:101,conjunction,True,rho,0.0
conj_neg_companies:102,conjunction,True,L,0.0
conj_neg_companies:102,conjunction,True,rho,0.0
conj_neg_companies:103,conjunction,True,L,0.0
conj_neg_companies:103,conjunction,True,rho,0.0
conj_neg_companies:105,conjunction,True,L,0.0
conj_neg_companies:105,conjunction,True,rho,0.0
conj_neg_companies:106,conjunction,True,L,0.0
conj_neg_companies:106,conjunction,True,rho,0.0
conj_neg_companies:107,conjunction,True,L,0.0
conj_neg_companies:107,conjunction,True,rho,0.0
conj_neg_companies:108,conjunction,True,L,0.0
conj_neg_companies:108,conjunction,True,rho,0.0
conj_neg_companies:110,conjunction,True,L,0.0
conj_neg_companies:110,conjunction,True,rho,0.0
conj_neg_companies:111,conjunction,True,L,0.0
conj_neg_companies:111,conjunction,True,rho,0.0
conj_neg_companies:112,conjunction,True,L,0.0
conj_neg_companies:112,conjunction,True,rho,0.0
conj_neg_companies:113,conjunction,True,L,0.0
conj_neg_companies:113,conjunction,True,rho,0.0
conj_neg_companies:114,conjunction,True,L,0.0
conj_neg_companies:114,conjunction,True,rho,0.0
conj_neg_companies:115,conjunction,True,L,0.0
conj_neg_companies:115,conjunction,True,rho,0.0
conj_neg_companies:116,conjunction,True,L,0.0
conj_neg_companies:116,conjunction,True,rho,0.0
conj_neg_companies:117,conjunction,True,L,0.0
conj_neg_companies:117,conjunction,True,rho,0.0
conj_neg_companies:118,conjunction,True,L,0.0
conj_neg_companies:118,conjunction,True,rho,0.0
conj_neg_companies:119,conjunction,True,L,0.0
conj_neg_companies:119,conjunction,True,rho,0.0
conj_neg_companies:120,conjunction,True,L,0.0
conj_neg_companies:120,conjunction,True,rho,0.0
conj_neg_companies:121,conjunction,True,L,0.0
conj_neg_companies:121,conjunction,True,rho,0.0
conj_neg_companies:122,conjunction,True,L,0.0
conj_neg_companies:122,conjunction,True,rho,0.0
conj_neg_companies:123,conjunction,True,L,0.0
conj_neg_companies:123,conjunction,True,rho,0.0
conj_neg_companies:124,conjunction,True,L,0.0
conj_neg_companies:124,conjunction,True,rho,0.0
conj_neg_companies:125,conjunction,True,L,0.0
conj_neg_companies:125,conjunction,True,rho,0.0
conj_neg_companies:126,conjunction,True,L,0.0
conj_neg_companies:126,conjunction,True,rho,0.0
conj_neg_companies:127,conjunction,True,L,0.0
conj_neg_companies:127,conjunction,True,rho,0.0
conj_neg_companies:128,conjunction,True,L,0.0
conj_neg_companies:128,conjunction,True,rho,0.0
conj_neg_companies:129,conjunction,True,L,0.0
conj_neg_companies:129,conjunction,True,rho,0.0
conj_neg_companies:130,conjunction,True,L,0.0
conj_neg_companies:130,conjunction,True,rho,0.0
conj_neg_companies:131,conjunction,True,L,0.0
conj_neg_companies:131,conjunction,True,rho,0.0
conj_neg_companies:132,conjunction,True,L,0.0
conj_neg_companies:132,conjunction,True,rho,0.0
conj_neg_companies:133,conjunction,True,L,0.0
conj_neg_companies:133,conjunction,True,rho,0.0
conj_neg_companies:134,conjunction,True,L,0.0
conj_neg_companies:134,conjunction,True,rho,0.0
conj_neg_companies:135,conjunction,True,L,0.0
conj_neg_companies:135,conjunction,True,rho,0.0
conj_neg_companies:136,conjunction,True,L,0.0
conj_neg_companies:136,conjunction,True,rho,0.0
conj_neg_companies:137,conjunction,True,L,0.0
conj_neg_companies:137,conjunction,True,rho,0.0
conj_neg_companies:138,conjunction,True,L,0.0
conj_neg_companies:138,conjunction,True,rho,0.0
conj_neg_companies:139,conjunction,True,L,0.0
conj_neg_companies:139,conjunction,True,rho,0.0
conj_neg_companies:140,conjunction,True,L,0.0
conj_neg_companies:140,conjunction,True,rho,0.0
conj_neg_companies:141,conjunction,True,L,0.0
conj_neg_companies:141,conjunction,True,rho,0.0
conj_neg_companies:142,conjunction,True,L,0.0
conj_neg_companies:142,conjunction,True,rho,0.0
conj_neg_companies:143,conjunction,True,L,0.0
conj_neg_companies:143,conjunction,True,rho,0.0
conj_neg_companies:144,conjunction,True,L,0.0
conj_neg_companies:144,conjunction,True,rho,0.0
conj_neg_companies:145,conjunction,True,L,0.0
conj_neg_companies:145,conjunction,True,rho,0.0
conj_neg_companies:146,conjunction,True,L,0.0
conj_neg_companies:146,conjunction,True,rho,0.0
conj_neg_companies:147,conjunction,True,L,0.0
conj_neg_companies:147,conjunction,True,rho,0.0
conj_neg_companies:148,conjunction,True,L,0.0
conj_neg_companies:148,conjunction,True,rho,0.0
conj_neg_companies:149,conjunction,True,L,0.0
conj_neg_companies:149,conjunction,True,rho,0.0
conj_neg_companies:150,conjunction,True,L,0.0
conj_neg_companies:150,conjunction,True,rho,0.0
conj_neg_companies:151,conjunction,True,L,0.0
conj_neg_companies:151,conjunction,True,rho,0.0
conj_neg_companies:152,conjunction,True,L,0.0
conj_neg_companies:152,conjunction,True,rho,0.0
conj_neg_companies:153,conjunction,True,L,0.0
conj_neg_companies:153,conjunction,True,rho,0.0
conj_neg_companies:154,conjunction,True,L,0.0
conj_neg_companies:154,conjunction,True,rho,0.0
conj_neg_companies:155,conjunction,True,L,0.0
conj_neg_companies:155,conjunction,True,rho,0.0
conj_neg_companies:156,conjunction,True,L,0.0
conj_neg_companies:156,conjunction,True,rho,0.0
conj_neg_companies:157,conjunction,True,L,0.0
conj_neg_companies:157,conjunction,True,rho,0.0
conj_neg_companies:158,conjunction,True,L,0.0
conj_neg_companies:158,conjunction,True,rho,0.0
conj_neg_companies:159,conjunction,True,L,0.0
conj_neg_companies:159,conjunction,True,rho,0.0
conj_neg_companies:160,conjunction,True,L,0.0
conj_neg_companies:160,conjunction,True,rho,0.0
conj_neg_companies:161,conjunction,True,L,0.0
conj_neg_companies:161,conjunction,True,rho,0.0
conj_neg_companies:163,conjunction,True,L,0.0
conj_neg_companies:163,conjunction,True,rho,0.0
conj_neg_companies:164,conjunction,True,L,0.0
conj_neg_companies:164,conjunction,True,rho,0.0
conj_neg_companies:165,conjunction,True,L,0.0
conj_neg_companies:165,conjunction,True,rho,0.0
conj_neg_companies:166,conjunction,True,L,0.0
conj_neg_companies:166,conjunction,True,rho,0.0
conj_neg_companies:167,conjunction,True,L,0.0
conj_neg_companies:167,conjunction,True,rho,0.0
conj_neg_companies:168,conjunction,True,L,0.0
conj_neg_companies:168,conjunction,True,rho,0.0
conj_neg_companies:169,conjunction,True,L,0.0
conj_neg_companies:169,conjunction,True,rho,0.0
conj_neg_companies:170,conjunction,True,L,0.0
conj_neg_companies:170,conjunction,True,rho,0.0
conj_neg_companies:171,conjunction,True,L,0.0
conj_neg_companies:171,conjunction,True,rho,0.0
conj_neg_companies:172,conjunction,True,L,0.0
conj_neg_companies:172,conjunction,True,rho,0.0
conj_neg_companies:173,conjunction,True,L,0.0
conj_neg_companies:173,conjunction,True,rho,0.0
conj_neg_companies:174,conjunction,True,L,0.0
conj_neg_companies:174,conjunction,True,rho,0.0
conj_neg_companies:175,conjunction,True,L,0.0
conj_neg_companies:175,conjunction,True,rho,0.0
conj_neg_companies:176,conjunction,True,L,0.0
conj_neg_companies:176,conjunction,True,rho,0.0
conj_neg_companies:177,conjunction,True,L,0.0
conj_neg_companies:177,conjunction,True,rho,0.0
conj_neg_companies:178,conjunction,True,L,0.0
conj_neg_companies:178,conjunction,True,rho,0.0
conj_neg_companies:179,conjunction,True,L,0.0
conj_neg_companies:179,conjunction,True,rho,0.0
conj_neg_companies:180,conjunction,True,L,0.0
conj_neg_companies:180,conjunction,True,rho,0.0
conj_neg_companies:181,conjunction,True,L,0.0
conj_neg_companies:181,conjunction,True,rho,0.0
conj_neg_companies:182,conjunction,True,L,0.0
conj_neg_companies:182,conjunction,True,rho,0.0
conj_neg_companies:183,conjunction,True,L,0.0
conj_neg_companies:183,conjunction,True,rho,0.0
conj_neg_companies:184,conjunction,True,L,0.0
conj_neg_companies:184,conjunction,True,rho,0.0
conj_neg_companies:185,conjunction,True,L,0.0
conj_neg_companies:185,conjunction,True,rho,0.0
conj_neg_companies:186,conjunction,True,L,0.0
conj_neg_companies:186,conjunction,True,rho,0.0
conj_neg_companies:187,conjunction,True,L,0.0
conj_neg_companies:187,conjunction,True,rho,0.0
conj_neg_companies:188,conjunction,True,L,0.0
conj_neg_companies:188,conjunction,True,rho,0.0
conj_neg_companies:189,conjunction,True,L,0.0
conj_neg_companies:189,conjunction,True,rho,0.0
conj_neg_companies:190,conjunction,True,L,0.0
conj_neg_companies:190,conjunction,True,rho,0.0
conj_neg_companies:191,conjunction,True,L,0.0
conj_neg_companies:191,conjunction,True,rho,0.0
conj_neg_companies:192,conjunction,True,L,0.0
conj_neg_companies:192,conjunction,True,rho,0.0
conj_neg_companies:193,conjunction,True,L,0.0
conj_neg_companies:193,conjunction,True,rho,0.0
conj_neg_companies:194,conjunction,True,L,0.0
conj_neg_companies:194,conjunction,True,rho,0.0
conj_neg_companies:195,conjunction,True,L,0.0
conj_neg_companies:195,conjunction,True,rho,0.0
conj_neg_companies:196,conjunction,True,L,0.0
conj_neg_companies:196,conjunction,True,rho,0.0
conj_neg_companies:197,conjunction,True,L,0.0
conj_neg_companies:197,conjunction,True,rho,0.0
conj_neg_companies:198,conjunction,True,L,0.0
conj_neg_companies:198,conjunction,True,rho,0.0
conj_neg_companies:199,conjunction,True,L,0.0
conj_neg_companies:199,conjunction,True,rho,0.0
conj_neg_companies:200,conjunction,True,L,0.0
conj_neg_companies:200,conjunction,True,rho,0.0
conj_neg_companies:201,conjunction,True,L,0.0
conj_neg_companies:201,conjunction,True,rho,0.0
conj_neg_companies:202,conjunction,True,L,0.0
conj_neg_companies:202,conjunction,True,rho,0.0
conj_neg_companies:203,conjunction,True,L,0.0
conj_neg_companies:203,conjunction,True,rho,0.0
conj_neg_companies:204,conjunction,True,L,0.0
conj_neg_companies:204,conjunction,True,rho,0.0
conj_neg_companies:205,conjunction,True,L,0.0
conj_neg_companies:205,conjunction,True,rho,0.0
conj_neg_companies:206,conjunction,True,L,0.0
conj_neg_companies:206,conjunction,True,rho,0.0
conj_neg_companies:207,conjunction,True,L,0.0
conj_neg_companies:207,conjunction,True,rho,0.0
conj_neg_companies:208,conjunction,True,L,0.0
conj_neg_companies:208,conjunction,True,rho,0.0
conj_neg_companies:209,conjunction,True,L,0.0
conj_neg_companies:209,conjunction,True,rho,0.0
conj_neg_companies:210,conjunction,True,L,0.0
conj_neg_companies:210,conjunction,True,rho,0.0
conj_neg_companies:211,conjunction,True,L,0.0
conj_neg_companies:211,conjunction,True,rho,0.0
conj_neg_companies:212,conjunction,True,L,0.0
conj_neg_companies:212,conjunction,True,rho,0.0
conj_neg_companies:213,conjunction,True,L,0.0
conj_neg_companies:213,conjunction,True,rho,0.0
conj_neg_companies:214,conjunction,True,L,0.0
conj_neg_companies:214,conjunction,True,rho,0.0
conj_neg_companies:215,conjunction,True,L,0.0
conj_neg_companies:215,conjunction,True,rho,0.0
conj_neg_companies:216,conjunction,True,L,0.0
conj_neg_companies:216,conjunction,True,rho,0.0
conj_neg_companies:217,conjunction,True,L,0.0
conj_neg_companies:217,conjunction,True,rho,0.0
conj_neg_companies:218,conjunction,True,L,0.0
conj_neg_companies:218,conjunction,True,rho,0.0
conj_neg_companies:219,conjunction,True,L,0.0
conj_neg_companies:219,conjunction,True,rho,0.0
conj_neg_companies:220,conjunction,True,L,0.0
conj_neg_companies:220,conjunction,True,rho,0.0
conj_neg_companies:221,conjunction,True,L,0.0
conj_neg_companies:221,conjunction,True,rho,0.0
conj_neg_companies:222,conjunction,True,L,0.0
conj_neg_companies:222,conjunction,True,rho,0.0
conj_neg_companies:223,conjunction,True,L,0.0
conj_neg_companies:223,conjunction,True,rho,0.0
conj_neg_companies:224,conjunction,True,L,0.0
conj_neg_companies:224,conjunction,True,rho,0.0
conj_neg_companies:225,conjunction,True,L,0.0
conj_neg_companies:225,conjunction,True,rho,0.0
conj_neg_companies:226,conjunction,True,L,0.0
conj_neg_companies:226,conjunction,True,rho,0.0
conj_neg_companies:227,conjunction,True,L,0.0
conj_neg_companies:227,conjunction,True,rho,0.0
conj_neg_companies:228,conjunction,True,L,0.0
conj_neg_companies:228,conjunction,True,rho,0.0
conj_neg_companies:229,conjunction,True,L,0.0
conj_neg_companies:229,conjunction,True,rho,0.0
conj_neg_companies:230,conjunction,True,L,0.0
conj_neg_companies:230,conjunction,True,rho,0.0
conj_neg_companies:231,conjunction,True,L,0.0
conj_neg_companies:231,conjunction,True,rho,0.0
conj_neg_companies:232,conjunction,True,L,0.0
conj_neg_companies:232,conjunction,True,rho,0.0
conj_neg_companies:233,conjunction,True,L,0.0
conj_neg_companies:233,conjunction,True,rho,0.0
conj_neg_companies:234,conjunction,True,L,0.0
conj_neg_companies:234,conjunction,True,rho,0.0
conj_neg_companies:235,conjunction,True,L,0.0
conj_neg_companies:235,conjunction,True,rho,0.0
conj_neg_companies:236,conjunction,True,L,0.0
conj_neg_companies:236,conjunction,True,rho,0.0
conj_neg_companies:237,conjunction,True,L,0.0
conj_neg_companies:237,conjunction,True,rho,0.0
conj_neg_companies:238,conjunction,True,L,0.0
conj_neg_companies:238,conjunction,True,rho,0.0
conj_neg_companies:239,conjunction,True,L,0.0
conj_neg_companies:239,conjunction,True,rho,0.0
conj_neg_companies:240,conjunction,True,L,0.0
conj_neg_companies:240,conjunction,True,rho,0.0
conj_neg_companies:241,conjunction,True,L,0.0
conj_neg_companies:241,conjunction,True,rho,0.0
conj_neg_companies:242,conjunction,True,L,0.0
conj_neg_companies:242,conjunction,True,rho,0.0
conj_neg_companies:243,conjunction,True,L,0.0
conj_neg_companies:243,conjunction,True,rho,0.0
conj_neg_companies:244,conjunction,True,L,0.0
conj_neg_companies:244,conjunction,True,rho,0.0
conj_neg_companies:245,conjunction,True,L,0.0
conj_neg_companies:245,conjunction,True,rho,0.0
conj_neg_companies:246,conjunction,True,L,0.0
conj_neg_companies:246,conjunction,True,rho,0.0
conj_neg_companies:247,conjunction,True,L,0.0
conj_neg_companies:247,conjunction,True,rho,0.0
conj_neg_companies:248,conjunction,True,L,0.0
conj_neg_companies:248,conjunction,True,rho,0.0
conj_neg_companies:249,conjunction,True,L,0.0
conj_neg_companies:249,conjunction,True,rho,0.0
conj_neg_companies:250,conjunction,True,L,0.0
conj_neg_companies:250,conjunction,True,rho,0.0
conj_neg_companies:251,conjunction,True,L,0.0
conj_neg_companies:251,conjunction,True,rho,0.0
conj_neg_companies:252,conjunction,True,L,0.0
conj_neg_companies:252,conjunction,True,rho,0.0
conj_neg_companies:253,conjunction,True,L,0.0
conj_neg_companies:253,conjunction,True,rho,0.0
conj_neg_companies:254,conjunction,True,L,0.0
conj_neg_companies:254,conjunction,True,rho,0.0
conj_neg_companies:255,conjunction,True,L,0.0
conj_neg_companies:255,conjunction,True,rho,0.0
conj_neg_companies:256,conjunction,True,L,0.0
conj_neg_companies:256,conjunction,True,rho,0.0
conj_neg_companies:257,conjunction,True,L,0.0
conj_neg_companies:257,conjunction,True,rho,0.0
conj_neg_companies:258,conjunction,True,L,0.0
conj_neg_companies:258,conjunction,True,rho,0.0
conj_neg_companies:259,conjunction,True,L,0.0
conj_neg_companies:259,conjunction,True,rho,0.0
conj_neg_companies:260,conjunction,True,L,0.0
conj_neg_companies:260,conjunction,True,rho,0.0
conj_neg_companies:261,conjunction,True,L,0.0
conj_neg_companies:261,conjunction,True,rho,0.0
conj_neg_companies:262,conjunction,True,L,0.0
conj_neg_companies:262,conjunction,True,rho,0.0
conj_neg_companies:263,conjunction,True,L,0.0
conj_neg_companies:263,conjunction,True,rho,0.0
conj_neg_companies:264,conjunction,True,L,0.0
conj_neg_companies:264,conjunction,True,rho,0.0
conj_neg_companies:265,conjunction,True,L,0.0
conj_neg_companies:265,conjunction,True,rho,0.0
conj_neg_companies:266,conjunction,True,L,0.0
conj_neg_companies:266,conjunction,True,rho,0.0
conj_neg_companies:267,conjunction,True,L,0.0
conj_neg_companies:267,conjunction,True,rho,0.0
conj_neg_companies:268,conjunction,True,L,0.0
conj_neg_companies:268,conjunction,True,rho,0.0
conj_neg_companies:269,conjunction,True,L,0.0
conj_neg_companies:269,conjunction,True,rho,0.0
conj_neg_companies:270,conjunction,True,L,0.0
conj_neg_companies:270,conjunction,True,rho,0.0
conj_neg_companies:271,conjunction,True,L,0.0
conj_neg_companies:271,conjunction,True,rho,0.0
conj_neg_companies:272,conjunction,True,L,0.0
conj_neg_companies:272,conjunction,True,rho,0.0
conj_neg_companies:273,conjunction,True,L,0.0
conj_neg_companies:273,conjunction,True,rho,0.0
conj_neg_companies:274,conjunction,True,L,0.0
conj_neg_companies:274,conjunction,True,rho,0.0
conj_neg_companies:275,conjunction,True,L,0.0
conj_neg_companies:275,conjunction,True,rho,0.0
conj_neg_companies:276,conjunction,True,L,0.0
conj_neg_companies:276,conjunction,True,rho,0.0
conj_neg_companies:277,conjunction,True,L,0.0
conj_neg_companies:277,conjunction,True,rho,0.0
conj_neg_companies:278,conjunction,True,L,0.0
conj_neg_companies:278,conjunction,True,rho,0.0
conj_neg_companies:279,conjunction,True,L,0.0
conj_neg_companies:279,conjunction,True,rho,0.0
conj_neg_companies:280,conjunction,True,L,0.0
conj_neg_companies:280,conjunction,True,rho,0.0
conj_neg_companies:281,conjunction,True,L,0.0
conj_neg_companies:281,conjunction,True,rho,0.0
conj_neg_companies:282,conjunction,True,L,0.0
conj_neg_companies:282,conjunction,True,rho,0.0
conj_neg_companies:283,conjunction,True,L,0.0
conj_neg_companies:283,conjunction,True,rho,0.0
conj_neg_companies:284,conjunction,True,L,0.0
conj_neg_companies:284,conjunction,True,rho,0.0
conj_neg_companies:285,conjunction,True,L,0.0
conj_neg_companies:285,conjunction,True,rho,0.0
conj_neg_companies:286,conjunction,True,L,0.0
conj_neg_companies:286,conjunction,True,rho,0.0
conj_neg_companies:287,conjunction,True,L,0.0
conj_neg_companies:287,conjunction,True,rho,0.0
conj_neg_companies:288,conjunction,True,L,0.0
conj_neg_companies:288,conjunction,True,rho,0.0
conj_neg_companies:289,conjunction,True,L,0.0
conj_neg_companies:289,conjunction,True,rho,0.0
conj_neg_companies:290,conjunction,True,L,0.0
conj_neg_companies:290,conjunction,True,rho,0.0
conj_neg_companies:291,conjunction,True,L,0.0
conj_neg_companies:291,conjunction,True,rho,0.0
conj_neg_companies:292,conjunction,True,L,0.0
conj_neg_companies:292,conjunction,True,rho,0.0
conj_neg_companies:293,conjunction,True,L,0.0
conj_neg_companies:293,conjunction,True,rho,0.0
conj_neg_companies:294,conjunction,True,L,0.0
conj_neg_companies:294,conjunction,True,rho,0.0
conj_neg_companies:295,conjunction,True,L,0.0
conj_neg_companies:295,conjunction,True,rho,0.0
conj_neg_companies:296,conjunction,True,L,0.0
conj_neg_companies:296,conjunction,True,rho,0.0
conj_neg_companies:297,conjunction,True,L,0.0
conj_neg_companies:297,conjunction,True,rho,0.0
conj_neg_companies:298,conjunction,True,L,0.0
conj_neg_companies:298,conjunction,True,rho,0.0
conj_neg_companies:299,conjunction,True,L,0.0
conj_neg_companies:299,conjunction,True,rho,0.0
conj_neg_companies:300,conjunction,True,L,0.0
conj_neg_companies:300,conjunction,True,rho,0.0
conj_neg_companies:301,conjunction,True,L,0.0
conj_neg_companies:301,conjunction,True,rho,0.0
conj_neg_companies:302,conjunction,True,L,0.0
conj_neg_companies:302,conjunction,True,rho,0.0
conj_neg_companies:303,conjunction,True,L,0.0
conj_neg_companies:303,conjunction,True,rho,0.0
conj_neg_companies:304,conjunction,True,L,0.0
conj_neg_companies:304,conjunction,True,rho,0.0
conj_neg_companies:305,conjunction,True,L,0.0
conj_neg_companies:305,conjunction,True,rho,0.0
conj_neg_companies:306,conjunction,True,L,0.0
conj_neg_companies:306,conjunction,True,rho,0.0
conj_neg_companies:307,conjunction,True,L,0.0
conj_neg_companies:307,conjunction,True,rho,0.0
conj_neg_companies:308,conjunction,True,L,0.0
conj_neg_companies:308,conjunction,True,rho,0.0
conj_neg_companies:309,conjunction,True,L,0.0
conj_neg_companies:309,conjunction,True,rho,0.0
conj_neg_companies:310,conjunction,True,L,0.0
conj_neg_companies:310,conjunction,True,rho,0.0
conj_neg_companies:311,conjunction,True,L,0.0
conj_neg_companies:311,conjunction,True,rho,0.0
conj_neg_companies:312,conjunction,True,L,0.0
conj_neg_companies:312,conjunction,True,rho,0.0
conj_neg_companies:313,conjunction,True,L,0.0
conj_neg_companies:313,conjunction,True,rho,0.0
conj_neg_companies:314,conjunction,True,L,0.0
conj_neg_companies:314,conjunction,True,rho,0.0
conj_neg_companies:315,conjunction,True,L,0.0
conj_neg_companies:315,conjunction,True,rho,0.0
conj_neg_companies:316,conjunction,True,L,0.0
conj_neg_companies:316,conjunction,True,rho,0.0
conj_neg_companies:317,conjunction,True,L,0.0
conj_neg_companies:317,conjunction,True,rho,0.0
conj_neg_companies:318,conjunction,True,L,0.0
conj_neg_companies:318,conjunction,True,rho,0.0
conj_neg_companies:319,conjunction,True,L,0.0
conj_neg_companies:319,conjunction,True,rho,0.0
conj_neg_companies:320,conjunction,True,L,0.0
conj_neg_companies:320,conjunction,True,rho,0.0
conj_neg_companies:321,conjunction,True,L,0.0
conj_neg_companies:321,conjunction,True,rho,0.0
conj_neg_companies:322,conjunction,True,L,0.0
conj_neg_companies:322,conjunction,True,rho,0.0
conj_neg_companies:323,conjunction,True,L,0.0
conj_neg_companies:323,conjunction,True,rho,0.0
conj_neg_companies:324,conjunction,True,L,0.0
conj_neg_companies:324,conjunction,True,rho,0.0
conj_neg_companies:325,conjunction,True,L,0.0
conj_neg_companies:325,conjunction,True,rho,0.0
conj_neg_companies:326,conjunction,True,L,0.0
conj_neg_companies:326,conjunction,True,rho,0.0
conj_neg_companies:327,conjunction,True,L,0.0
conj_neg_companies:327,conjunction,True,rho,0.0
conj_neg_companies:328,conjunction,True,L,0.0
conj_neg_companies:328,conjunction,True,rho,0.0
conj_neg_companies:329,conjunction,True,L,0.0
conj_neg_companies:329,conjunction,True,rho,0.0
conj_neg_companies:330,conjunction,True,L,0.0
conj_neg_companies:330,conjunction,True,rho,0.0
conj_neg_companies:331,conjunction,True,L,0.0
conj_neg_companies:331,conjunction,True,rho,0.0
conj_neg_companies:332,conjunction,True,L,0.0
conj_neg_companies:332,conjunction,True,rho,0.0
conj_neg_companies:333,conjunction,True,L,0.0
conj_neg_companies:333,conjunction,True,rho,0.0
conj_neg_companies:334,conjunction,True,L,0.0
conj_neg_companies:334,conjunction,True,rho,0.0
conj_neg_companies:335,conjunction,True,L,0.0
conj_neg_companies:335,conjunction,True,rho,0.0
conj_neg_companies:336,conjunction,True,L,0.0
conj_neg_companies:336,conjunction,True,rho,0.0
conj_neg_companies:337,conjunction,True,L,0.0
conj_neg_companies:337,conjunction,True,rho,0.0
conj_neg_companies:338,conjunction,True,L,0.0
conj_neg_companies:338,conjunction,True,rho,0.0
conj_neg_companies:339,conjunction,True,L,0.0
conj_neg_companies:339,conjunction,True,rho,0.0
conj_neg_companies:340,conjunction,True,L,0.0
conj_neg_companies:340,conjunction,True,rho,0.0
conj_neg_companies:341,conjunction,True,L,0.0
conj_neg_companies:341,conjunction,True,rho,0.0
conj_neg_companies:342,conjunction,True,L,0.0
conj_neg_companies:342,conjunction,True,rho,0.0
conj_neg_companies:343,conjunction,True,L,0.0
conj_neg_companies:343,conjunction,True,rho,0.0
conj_neg_companies:344,conjunction,True,L,0.0
conj_neg_companies:344,conjunction,True,rho,0.0
conj_neg_companies:345,conjunction,True,L,0.0
conj_neg_companies:345,conjunction,True,rho,0.0
conj_neg_companies:346,conjunction,True,L,0.0
conj_neg_companies:346,conjunction,True,rho,0.0
conj_neg_companies:347,conjunction,True,L,0.0
conj_neg_companies:347,conjunction,True,rho,0.0
conj_neg_companies:348,conjunction,True,L,0.0
conj_neg_companies:348,conjunction,True,rho,0.0
conj_neg_companies:349,conjunction,True,L,0.0
conj_neg_companies:349,conjunction,True,rho,0.0
conj_neg_companies:350,conjunction,True,L,0.0
conj_neg_companies:350,conjunction,True,rho,0.0
conj_neg_companies:351,conjunction,True,L,0.0
conj_neg_companies:351,conjunction,True,rho,0.0
conj_neg_companies:352,conjunction,True,L,0.0
conj_neg_companies:352,conjunction,True,rho,0.0
conj_neg_companies:353,conjunction,True,L,0.0
conj_neg_companies:353,conjunction,True,rho,0.0
conj_neg_companies:354,conjunction,True,L,0.0
conj_neg_companies:354,conjunction,True,rho,0.0
conj_neg_companies:355,conjunction,True,L,0.0
conj_neg_companies:355,conjunction,True,rho,0.0
conj_neg_companies:356,conjunction,True,L,0.0
conj_neg_companies:356,conjunction,True,rho,0.0
conj_neg_companies:357,conjunction,True,L,0.0
conj_neg_companies:357,conjunction,True,rho,0.0
conj_neg_companies:358,conjunction,True,L,0.0
conj_neg_companies:358,conjunction,True,rho,0.0
conj_neg_companies:359,conjunction,True,L,0.0
conj_neg_companies:359,conjunction,True,rho,0.0
conj_neg_companies:360,conjunction,True,L,0.0
conj_neg_companies:360,conjunction,True,rho,0.0
conj_neg_companies:361,conjunction,True,L,0.0
conj_neg_companies:361,conjunction,True,rho,0.0
conj_neg_companies:362,conjunction,True,L,0.0
conj_neg_companies:362,conjunction,True,rho,0.0
conj_neg_companies:363,conjunction,True,L,0.0
conj_neg_companies:363,conjunction,True,rho,0.0
conj_neg_companies:364,conjunction,True,L,0.0
conj_neg_companies:364,conjunction,True,rho,0.0
conj_neg_companies:365,conjunction,True,L,0.0
conj_neg_companies:365,conjunction,True,rho,0.0
conj_neg_companies:366,conjunction,True,L,0.0
conj_neg_companies:366,conjunction,True,rho,0.0
conj_neg_companies:367,conjunction,True,L,0.0
conj_neg_companies:367,conjunction,True,rho,0.0
conj_neg_companies:368,conjunction,True,L,0.0
conj_neg_companies:368,conjunction,True,rho,0.0
conj_neg_companies:369,conjunction,True,L,0.0
conj_neg_companies:369,conjunction,True,rho,0.0
conj_neg_companies:370,conjunction,True,L,0.0
conj_neg_companies:370,conjunction,True,rho,0.0
conj_neg_companies:371,conjunction,True,L,0.0
conj_neg_companies:371,conjunction,True,rho,0.0
conj_neg_companies:372,conjunction,True,L,0.0
conj_neg_companies:372,conjunction,True,rho,0.0
conj_neg_companies:373,conjunction,True,L,0.0
conj_neg_companies:373,conjunction,True,rho,0.0
conj_neg_companies:374,conjunction,True,L,0.0
conj_neg_companies:374,conjunction,True,rho,0.0
conj_neg_companies:375,conjunction,True,L,0.0
conj_neg_companies:375,conjunction,True,rho,0.0
conj_neg_companies:376,conjunction,True,L,0.0
conj_neg_companies:376,conjunction,True,rho,0.0
conj_neg_companies:377,conjunction,True,L,0.0
conj_neg_companies:377,conjunction,True,rho,0.0
conj_neg_companies:378,conjunction,True,L,0.0
conj_neg_companies:378,conjunction,True,rho,0.0
conj_neg_companies:379,conjunction,True,L,0.0
conj_neg_companies:379,conjunction,True,rho,0.0
conj_neg_companies:380,conjunction,True,L,0.0
conj_neg_companies:380,conjunction,True,rho,0.0
conj_neg_companies:381,conjunction,True,L,0.0
conj_neg_companies:381,conjunction,True,rho,0.0
conj_neg_companies:382,conjunction,True,L,0.0
conj_neg_companies:382,conjunction,True,rho,0.0
conj_neg_companies:383,conjunction,True,L,0.0
conj_neg_companies:383,conjunction,True,rho,0.0
conj_neg_companies:384,conjunction,True,L,0.0
conj_neg_companies:384,conjunction,True,rho,0.0
conj_neg_companies:385,conjunction,True,L,0.0
conj_neg_companies:385,conjunction,True,rho,0.0
conj_neg_companies:386,conjunction,True,L,0.0
conj_neg_companies:386,conjunction,True,rho,0.0
conj_neg_companies:387,conjunction,True,L,0.0
conj_neg_companies:387,conjunction,True,rho,0.0
conj_neg_companies:388,conjunction,True,L,0.0
conj_neg_companies:388,conjunction,True,rho,0.0
conj_neg_companies:389,conjunction,True,L,0.0
conj_neg_companies:389,conjunction,True,rho,0.0
conj_neg_companies:390,conjunction,True,L,0.0
conj_neg_companies:390,conjunction,True,rho,0.0
conj_neg_companies:391,conjunction,True,L,0.0
conj_neg_companies:391,conjunction,True,rho,0.0
conj_neg_companies:392,conjunction,True,L,0.0
conj_neg_companies:392,conjunction,True,rho,0.0
conj_neg_companies:393,conjunction,True,L,0.0
conj_neg_companies:393,conjunction,True,rho,0.0
conj_neg_companies:394,conjunction,True,L,0.0
conj_neg_companies:394,conjunction,True,rho,0.0
conj_neg_companies:395,conjunction,True,L,0.0
conj_neg_companies:395,conjunction,True,rho,0.0
conj_neg_companies:396,conjunction,True,L,0.0
conj_neg_companies:396,conjunction,True,rho,0.0
conj_neg_companies:397,conjunction,True,L,0.0
conj_neg_companies:397,conjunction,True,rho,0.0
conj_neg_companies:398,conjunction,True,L,0.0
conj_neg_companies:398,conjunction,True,rho,0.0
conj_neg_companies:399,conjunction,True,L,0.0
conj_neg_companies:399,conjunction,True,rho,0.0
conj_neg_companies:400,conjunction,True,L,0.0
conj_neg_companies:400,conjunction,True,rho,0.0
conj_neg_companies:401,conjunction,True,L,0.0
conj_neg_companies:401,conjunction,True,rho,0.0
conj_neg_companies:402,conjunction,True,L,0.0
conj_neg_companies:402,conjunction,True,rho,0.0
conj_neg_companies:403,conjunction,True,L,0.0
conj_neg_companies:403,conjunction,True,rho,0.0
conj_neg_companies:404,conjunction,True,L,0.0
conj_neg_companies:404,conjunction,True,rho,0.0
conj_neg_companies:405,conjunction,True,L,0.0
conj_neg_companies:405,conjunction,True,rho,0.0
conj_neg_companies:406,conjunction,True,L,0.0
conj_neg_companies:406,conjunction,True,rho,0.0
conj_neg_companies:407,conjunction,True,L,0.0
conj_neg_companies:407,conjunction,True,rho,0.0
conj_neg_companies:408,conjunction,True,L,0.0
conj_neg_companies:408,conjunction,True,rho,0.0
conj_neg_companies:409,conjunction,True,L,0.0
conj_neg_companies:409,conjunction,True,rho,0.0
conj_neg_companies:410,conjunction,True,L,0.0
conj_neg_companies:410,conjunction,True,rho,0.0
conj_neg_companies:411,conjunction,True,L,0.0
conj_neg_companies:411,conjunction,True,rho,0.0
conj_neg_companies:412,conjunction,True,L,0.0
conj_neg_companies:412,conjunction,True,rho,0.0
conj_neg_companies:413,conjunction,True,L,0.0
conj_neg_companies:413,conjunction,True,rho,0.0
conj_neg_companies:414,conjunction,True,L,0.0
conj_neg_companies:414,conjunction,True,rho,0.0
conj_neg_companies:415,conjunction,True,L,0.0
conj_neg_companies:415,conjunction,True,rho,0.0
conj_neg_companies:416,conjunction,True,L,0.0
conj_neg_companies:416,conjunction,True,rho,0.0
conj_neg_companies:417,conjunction,True,L,0.0
conj_neg_companies:417,conjunction,True,rho,0.0
conj_neg_companies:418,conjunction,True,L,0.0
conj_neg_companies:418,conjunction,True,rho,0.0
conj_neg_companies:419,conjunction,True,L,0.0
conj_neg_companies:419,conjunction,True,rho,0.0
conj_neg_companies:420,conjunction,True,L,0.0
conj_neg_companies:420,conjunction,True,rho,0.0
conj_neg_companies:421,conjunction,True,L,0.0
conj_neg_companies:421,conjunction,True,rho,0.0
conj_neg_companies:422,conjunction,True,L,0.0
conj_neg_companies:422,conjunction,True,rho,0.0
conj_neg_companies:423,conjunction,True,L,0.0
conj_neg_companies:423,conjunction,True,rho,0.0
conj_neg_companies:424,conjunction,True,L,0.0
conj_neg_companies:424,conjunction,True,rho,0.0
conj_neg_companies:425,conjunction,True,L,0.0
conj_neg_companies:425,conjunction,True,rho,0.0
conj_neg_companies:426,conjunction,True,L,0.0
conj_neg_companies:426,conjunction,True,rho,0.0
conj_neg_companies:427,conjunction,True,L,0.0
conj_neg_companies:427,conjunction,True,rho,0.0
conj_neg_companies:428,conjunction,True,L,0.0
conj_neg_companies:428,conjunction,True,rho,0.0
conj_neg_companies:429,conjunction,True,L,0.0
conj_neg_companies:429,conjunction,True,rho,0.0
conj_neg_companies:430,conjunction,True,L,0.0
conj_neg_companies:430,conjunction,True,rho,0.0
conj_neg_companies:431,conjunction,True,L,0.0
conj_neg_companies:431,conjunction,True,rho,0.0
conj_neg_companies:432,conjunction,True,L,0.0
conj_neg_companies:432,conjunction,True,rho,0.0
conj_neg_companies:433,conjunction,True,L,0.0
conj_neg_companies:433,conjunction,True,rho,0.0
conj_neg_companies:434,conjunction,True,L,0.0
conj_neg_companies:434,conjunction,True,rho,0.0
conj_neg_companies:435,conjunction,True,L,0.0
conj_neg_companies:435,conjunction,True,rho,0.0
conj_neg_companies:436,conjunction,True,L,0.0
conj_neg_companies:436,conjunction,True,rho,0.0
conj_neg_companies:437,conjunction,True,L,0.0
conj_neg_companies:437,conjunction,True,rho,0.0
conj_neg_companies:438,conjunction,True,L,0.0
conj_neg_companies:438,conjunction,True,rho,0.0
conj_neg_companies:439,conjunction,True,L,0.0
conj_neg_companies:439,conjunction,True,rho,0.0
conj_neg_companies:440,conjunction,True,L,0.0
conj_neg_companies:440,conjunction,True,rho,0.0
conj_neg_companies:441,conjunction,True,L,0.0
conj_neg_companies:441,conjunction,True,rho,0.0
conj_neg_companies:442,conjunction,True,L,0.0
conj_neg_companies:442,conjunction,True,rho,0.0
conj_neg_companies:443,conjunction,True,L,0.0
conj_neg_companies:443,conjunction,True,rho,0.0
conj_neg_companies:444,conjunction,True,L,0.0
conj_neg_companies:444,conjunction,True,rho,0.0
conj_neg_companies:445,conjunction,True,L,0.0
conj_neg_companies:445,conjunction,True,rho,0.0
conj_neg_companies:446,conjunction,True,L,0.0
conj_neg_companies:446,conjunction,True,rho,0.0
conj_neg_companies:447,conjunction,True,L,0.0
conj_neg_companies:447,conjunction,True,rho,0.0
conj_neg_companies:448,conjunction,True,L,0.0
conj_neg_companies:448,conjunction,True,rho,0.0
conj_neg_companies:449,conjunction,True,L,0.0
conj_neg_companies:449,conjunction,True,rho,0.0
conj_neg_companies:450,conjunction,True,L,0.0
conj_neg_companies:450,conjunction,True,rho,0.0
conj_neg_companies:451,conjunction,True,L,0.0
conj_neg_companies:451,conjunction,True,rho,0.0
conj_neg_companies:452,conjunction,True,L,0.0
conj_neg_companies:452,conjunction,True,rho,0.0
conj_neg_companies:453,conjunction,True,L,0.0
conj_neg_companies:453,conjunction,True,rho,0.0
conj_neg_companies:454,conjunction,True,L,0.0
conj_neg_companies:454,conjunction,True,rho,0.0
conj_neg_companies:455,conjunction,True,L,0.0
conj_neg_companies:455,conjunction,True,rho,0.0
conj_neg_companies:456,conjunction,True,L,0.0
conj_neg_companies:456,conjunction,True,rho,0.0
conj_neg_companies:457,conjunction,True,L,0.0
conj_neg_companies:457,conjunction,True,rho,0.0
conj_neg_companies:458,conjunction,True,L,0.0
conj_neg_companies:458,conjunction,True,rho,0.0
conj_neg_companies:459,conjunction,True,L,0.0
conj_neg_companies:459,conjunction,True,rho,0.0
conj_neg_companies:460,conjunction,True,L,0.0
conj_neg_companies:460,conjunction,True,rho,0.0
conj_neg_companies:461,conjunction,True,L,0.0
conj_neg_companies:461,conjunction,True,rho,0.0
conj_neg_companies:462,conjunction,True,L,0.0
conj_neg_companies:462,conjunction,True,rho,0.0
conj_neg_companies:463,conjunction,True,L,0.0
conj_neg_companies:463,conjunction,True,rho,0.0
conj_neg_companies:464,conjunction,True,L,0.0
conj_neg_companies:464,conjunction,True,rho,0.0
conj_neg_companies:465,conjunction,True,L,0.0
conj_neg_companies:465,conjunction,True,rho,0.0
conj_neg_companies:466,conjunction,True,L,0.0
conj_neg_companies:466,conjunction,True,rho,0.0
conj_neg_companies:467,conjunction,True,L,0.0
conj_neg_companies:467,conjunction,True,rho,0.0
conj_neg_companies:468,conjunction,True,L,0.0
conj_neg_companies:468,conjunction,True,rho,0.0
conj_neg_companies:469,conjunction,True,L,0.0
conj_neg_companies:469,conjunction,True,rho,0.0
conj_neg_companies:470,conjunction,True,L,0.0
conj_neg_companies:470,conjunction,True,rho,0.0
conj_neg_companies:471,conjunction,True,L,0.0
conj_neg_companies:471,conjunction,True,rho,0.0
conj_neg_companies:472,conjunction,True,L,0.0
conj_neg_companies:472,conjunction,True,rho,0.0
conj_neg_companies:473,conjunction,True,L,0.0
conj_neg_companies:473,conjunction,True,rho,0.0
conj_neg_companies:474,conjunction,True,L,0.0
conj_neg_companies:474,conjunction,True,rho,0.0
conj_neg_companies:475,conjunction,True,L,0.0
conj_neg_companies:475,conjunction,True,rho,0.0
conj_neg_companies:476,conjunction,True,L,0.0
conj_neg_companies:476,conjunction,True,rho,0.0
conj_neg_companies:477,conjunction,True,L,0.0
conj_neg_companies:477,conjunction,True,rho,0.0
conj_neg_companies:478,conjunction,True,L,0.0
conj_neg_companies:478,conjunction,True,rho,0.0
conj_neg_companies:479,conjunction,True,L,0.0
conj_neg_companies:479,conjunction,True,rho,0.0
conj_neg_companies:480,conjunction,True,L,0.0
conj_neg_companies:480,conjunction,True,rho,0.0
conj_neg_companies:481,conjunction,True,L,0.0
conj_neg_companies:481,conjunction,True,rho,0.0
conj_neg_companies:482,conjunction,True,L,0.0
conj_neg_companies:482,conjunction,True,rho,0.0
conj_neg_companies:483,conjunction,True,L,0.0
conj_neg_companies:483,conjunction,True,rho,0.0
conj_neg_companies:484,conjunction,True,L,0.0
conj_neg_companies:484,conjunction,True,rho,0.0
conj_neg_companies:485,conjunction,True,L,0.0
conj_neg_companies:485,conjunction,True,rho,0.0
conj_neg_companies:486,conjunction,True,L,0.0
conj_neg_companies:486,conjunction,True,rho,0.0
conj_neg_companies:487,conjunction,True,L,0.0
conj_neg_companies:487,conjunction,True,rho,0.0
conj_neg_companies:488,conjunction,True,L,0.0
conj_neg_companies:488,conjunction,True,rho,0.0
conj_neg_companies:489,conjunction,True,L,0.0
conj_neg_companies:489,conjunction,True,rho,0.0
conj_neg_companies:490,conjunction,True,L,0.0
conj_neg_companies:490,conjunction,True,rho,0.0
conj_neg_companies:491,conjunction,True,L,0.0
conj_neg_companies:491,conjunction,True,rho,0.0
conj_neg_companies:492,conjunction,True,L,0.0
conj_neg_companies:492,conjunction,True,rho,0.0
conj_neg_companies:493,conjunction,True,L,0.0
conj_neg_companies:493,conjunction,True,rho,0.0
conj_neg_companies:494,conjunction,True,L,0.0
conj_neg_companies:494,conjunction,True,rho,0.0
conj_neg_companies:495,conjunction,True,L,0.0
conj_neg_companies:495,conjunction,True,rho,0.0
conj_neg_companies:496,conjunction,True,L,0.0
conj_neg_companies:496,conjunction,True,rho,0.0
conj_neg_companies:497,conjunction,True,L,0.0
conj_neg_companies:497,conjunction,True,rho,0.0
conj_neg_companies:498,conjunction,True,L,0.0
conj_neg_companies:498,conjunction,True,rho,0.0
conj_neg_companies:499,conjunction,True,L,0.0
conj_neg_companies:499,conjunction,True,rho,0.0
conj_neg_companies:500,conjunction,True,L,0.0
conj_neg_companies:500,conjunction,True,rho,0.0
conj_neg_companies:501,conjunction,True,L,0.0
conj_neg_companies:501,conjunction,True,rho,0.0
conj_neg_companies:502,conjunction,True,L,0.0
conj_neg_companies:502,conjunction,True,rho,0.0
conj_neg_companies:503,conjunction,True,L,0.0
conj_neg_companies:503,conjunction,True,rho,0.0
conj_neg_companies:504,conjunction,True,L,0.0
conj_neg_companies:504,conjunction,True,rho,0.0
conj_neg_companies:505,conjunction,True,L,0.0
conj_neg_companies:505,conjunction,True,rho,0.0
conj_neg_companies:506,conjunction,True,L,0.0
conj_neg_companies:506,conjunction,True,rho,0.0
conj_neg_companies:507,conjunction,True,L,0.0
conj_neg_companies:507,conjunction,True,rho,0.0
conj_neg_companies:508,conjunction,True,L,0.0
conj_neg_companies:508,conjunction,True,rho,0.0
conj_neg_companies:509,conjunction,True,L,0.0
conj_neg_companies:509,conjunction,True,rho,0.0
conj_neg_companies:510,conjunction,True,L,0.0
conj_neg_companies:510,conjunction,True,rho,0.0
conj_neg_companies:511,conjunction,True,L,0.0
conj_neg_companies:511,conjunction,True,rho,0.0
conj_neg_companies:512,conjunction,True,L,0.0
conj_neg_companies:512,conjunction,True,rho,0.0
conj_neg_companies:513,conjunction,True,L,0.0
conj_neg_companies:513,conjunction,True,rho,0.0
conj_neg_companies:514,conjunction,True,L,0.0
conj_neg_companies:514,conjunction,True,rho,0.0
conj_neg_companies:515,conjunction,True,L,0.0
conj_neg_companies:515,conjunction,True,rho,0.0
conj_neg_companies:516,conjunction,True,L,0.0
conj_neg_companies:516,conjunction,True,rho,0.0
conj_neg_companies:517,conjunction,True,L,0.0
conj_neg_companies:517,conjunction,True,rho,0.0
conj_neg_companies:518,conjunction,True,L,0.0
conj_neg_companies:518,conjunction,True,rho,0.0
conj_neg_companies:519,conjunction,True,L,0.0
conj_neg_companies:519,conjunction,True,rho,0.0
conj_neg_companies:520,conjunction,True,L,0.0
conj_neg_companies:520,conjunction,True,rho,0.0
conj_neg_companies:521,conjunction,True,L,0.0
conj_neg_companies:521,conjunction,True,rho,0.0
conj_neg_companies:522,conjunction,True,L,0.0
conj_neg_companies:522,conjunction,True,rho,0.0
conj_neg_companies:523,conjunction,True,L,0.0
conj_neg_companies:523,conjunction,True,rho,0.0
conj_neg_companies:524,conjunction,True,L,0.0
conj_neg_companies:524,conjunction,True,rho,0.0
conj_neg_companies:525,conjunction,True,L,0.0
conj_neg_companies:525,conjunction,True,rho,0.0
conj_neg_companies:526,conjunction,True,L,0.0
conj_neg_companies:526,conjunction,True,rho,0.0
conj_neg_companies:527,conjunction,True,L,0.0
conj_neg_companies:527,conjunction,True,rho,0.0
conj_neg_companies:528,conjunction,True,L,0.0
conj_neg_companies:528,conjunction,True,rho,0.0
conj_neg_companies:529,conjunction,True,L,0.0
conj_neg_companies:529,conjunction,True,rho,0.0
conj_neg_companies:530,conjunction,True,L,0.0
conj_neg_companies:530,conjunction,True,rho,0.0
conj_neg_companies:531,conjunction,True,L,0.0
conj_neg_companies:531,conjunction,True,rho,0.0
conj_neg_companies:532,conjunction,True,L,0.0
conj_neg_companies:532,conjunction,True,rho,0.0
conj_neg_companies:533,conjunction,True,L,0.0
conj_neg_companies:533,conjunction,True,rho,0.0
conj_neg_companies:534,conjunction,True,L,0.0
conj_neg_companies:534,conjunction,True,rho,0.0
conj_neg_companies:535,conjunction,True,L,0.0
conj_neg_companies:535,conjunction,True,rho,0.0
conj_neg_companies:536,conjunction,True,L,0.0
conj_neg_companies:536,conjunction,True,rho,0.0
conj_neg_companies:537,conjunction,True,L,0.0
conj_neg_companies:537,conjunction,True,rho,0.0
conj_neg_companies:538,conjunction,True,L,0.0
conj_neg_companies:538,conjunction,True,rho,0.0
conj_neg_companies:539,conjunction,True,L,0.0
conj_neg_companies:539,conjunction,True,rho,0.0
conj_neg_companies:540,conjunction,True,L,0.0
conj_neg_companies:540,conjunction,True,rho,0.0
conj_neg_companies:541,conjunction,True,L,0.0
conj_neg_companies:541,conjunction,True,rho,0.0
conj_neg_companies:542,conjunction,True,L,0.0
conj_neg_companies:542,conjunction,True,rho,0.0
conj_neg_companies:543,conjunction,True,L,0.0
conj_neg_companies:543,conjunction,True,rho,0.0
conj_neg_companies:544,conjunction,True,L,0.0
conj_neg_companies:544,conjunction,True,rho,0.0
conj_neg_companies:545,conjunction,True,L,0.0
conj_neg_companies:545,conjunction,True,rho,0.0
conj_neg_companies:546,conjunction,True,L,0.0
conj_neg_companies:546,conjunction,True,rho,0.0
conj_neg_companies:547,conjunction,True,L,0.0
conj_neg_companies:547,conjunction,True,rho,0.0
conj_neg_companies:548,conjunction,True,L,0.0
conj_neg_companies:548,conjunction,True,rho,0.0
conj_neg_companies:549,conjunction,True,L,0.0
conj_neg_companies:549,conjunction,True,rho,0.0
